filename,category,category_idx,p_typicality,n_block,task,cond,cond_idx,block_total,ISI,tImageOn,Report,RT,target_resp,iso_spread,TrialCompleted,ImgDur,participant,mem_response,mem_perform
antoine-gravier-2QxjeVERIPw-unsplash_resized.jpg,nontarget,2,0,1,oddball,old,1,1,2.87417844343927,12.8819379806519,0,3.37417912483215,0,0,1,0.5,pilot_21_10,,
img_t1cr9.png,kitchens,4,6,1,oddball,old,1,1,1.21225635846283,16.2984647750854,0,1.71225714683533,0,0,1,0.5,pilot_21_10,,
chuttersnap-ktdmaxlkKtI-unsplash_resized.jpg,target,1,0,1,oddball,old,1,1,1.03634147421535,18.0483922958374,1,0.547301769256592,1,0,1,0.5,pilot_21_10,,
img_xnyo5.png,kitchens,4,1,1,oddball,old,1,1,1.78793780619491,20.9066107273102,0,2.28794026374817,0,0,1,0.5,pilot_21_10,,
brad-3v5yG5u8L0Y-unsplash_resized.jpg,target,1,0,1,oddball,old,1,1,2.00119649829228,23.2315156459808,1,1.02802634239197,1,0,1,0.5,pilot_21_10,,
img_2d3c2.png,kitchens,4,10,1,oddball,old,1,1,1.8394345145308,26.6230456829071,0,2.33943438529968,0,0,1,0.5,pilot_21_10,,
bilal-mansuri-cxpB9IPVjDM-unsplash_resized.jpg,nontarget,2,0,1,oddball,old,1,1,2.66781886322033,28.9979496002197,0,3.16782331466675,0,0,1,0.5,pilot_21_10,,
img_rav8j.png,kitchens,4,1,1,oddball,old,1,1,1.90823773179461,32.21448802948,0,2.40824103355408,0,4,1,0.5,pilot_21_10,,
img_p3hpc.png,kitchens,4,6,1,oddball,old,1,1,2.71193853052474,34.6643917560577,0,3.21194124221802,0,1,1,0.5,pilot_21_10,,
adly-hakim-GiUH0K__cmQ-unsplash_resized.jpg,target,1,0,1,oddball,old,1,1,2.36428105143929,37.9142606258392,1,0.496914386749268,1,0,1,0.5,pilot_21_10,,
img_4s67y.png,kitchens,4,8,1,oddball,old,1,1,2.46256540324299,41.4057896137238,0,2.96256542205811,0,3,1,0.5,pilot_21_10,,
img_jlw8j.png,kitchens,4,9,1,oddball,old,1,1,1.63658406664587,44.4140033721924,0,2.13658761978149,0,0,1,0.5,pilot_21_10,,
img_kwbzo.png,kitchens,4,10,1,oddball,old,1,1,2.2407794875886,46.5889186859131,0,2.74078035354614,0,0,1,0.5,pilot_21_10,,
img_qihxi.png,kitchens,4,7,1,oddball,old,1,1,1.15549817782967,49.3721423149109,0,1.65550065040588,0,2,1,0.5,pilot_21_10,,
bathroom-8323932_1920_resized.jpg,nontarget,2,0,1,oddball,old,1,1,1.08717589813562,51.0637438297272,0,1.58717513084412,0,0,1,0.5,pilot_21_10,,
img_oz18d.png,kitchens,4,8,1,oddball,old,1,1,1.83248138944894,52.6970129013062,0,2.33248209953308,0,4,1,0.5,pilot_21_10,,
img_d8xbu.png,kitchens,4,10,1,oddball,old,1,1,2.20712227407699,55.0719203948975,0,2.7071225643158,0,2,1,0.5,pilot_21_10,,
bathroom-8428429_1920_resized.jpg,nontarget,2,0,1,oddball,old,1,1,2.04134211964755,57.8134808540344,0,2.541344165802,0,0,1,0.5,pilot_21_10,,
img_uwv6y.png,kitchens,4,8,1,oddball,old,1,1,1.43624679235672,60.396714925766,0,1.93625116348267,0,0,1,0.5,pilot_21_10,,
bui-hoang-long-os6khQjPF_A-unsplash_resized.jpg,target,1,0,1,oddball,old,1,1,2.56240829142902,62.3716385364532,1,0.462819576263428,1,0,1,0.5,pilot_21_10,,
img_ub9nn.png,kitchens,4,8,1,oddball,old,1,1,2.38724368739013,65.7881743907928,0,2.88724756240845,0,0,1,0.5,pilot_21_10,,
bathroom-8714843_1920_resized.jpg,nontarget,2,0,1,oddball,old,1,1,1.27200075514114,68.713062286377,0,1.77200269699097,0,0,1,0.5,pilot_21_10,,
img_ye5sl.png,kitchens,4,2,1,oddball,old,1,1,2.12560507681734,70.529659986496,0,2.62560510635376,0,0,1,0.5,pilot_21_10,,
aquilion-property-dZYYr4rO3DI-unsplash_resized.jpg,nontarget,2,0,1,oddball,old,1,1,1.00015579733495,73.1878924369812,0,1.50016045570374,0,0,1,0.5,pilot_21_10,,
img_xdhz2.png,kitchens,4,3,1,oddball,old,1,1,1.43874888182458,74.7295010089874,0,1.93875098228455,0,4,1,0.5,pilot_21_10,,
img_q577a.png,kitchens,4,8,1,oddball,old,1,1,1.61340481159388,76.7127590179443,0,2.1134090423584,0,0,1,0.5,pilot_21_10,,
img_esb4r.png,kitchens,4,3,1,oddball,old,1,1,1.00564107697612,78.8710107803345,0,1.50564312934875,0,1,1,0.5,pilot_21_10,,
carmela-bPdZlA6NWn0-unsplash_resized.jpg,target,1,0,1,oddball,old,1,1,2.79153707635923,80.412618637085,1,0.557404279708862,1,0,1,0.5,pilot_21_10,,
img_uspja.png,kitchens,4,2,1,oddball,old,1,1,1.7921440733578,83.28751039505,0,2.29214358329773,0,3,1,0.5,pilot_21_10,,
img_ua9bs.png,kitchens,4,9,1,oddball,old,1,1,1.53535539173926,85.6207563877106,0,2.03535962104797,0,2,1,0.5,pilot_21_10,,
bathroom-1336165_1280_resized.jpg,nontarget,2,0,1,oddball,old,1,1,1.64287437739597,87.6873466968536,0,2.14287924766541,0,0,1,0.5,pilot_21_10,,
img_qbkdt.png,kitchens,4,5,1,oddball,old,1,1,1.44644324578512,89.8705976009369,0,1.94644451141357,0,0,1,0.5,pilot_21_10,,
caique-morais-4ckTrPZzPgk-unsplash_resized.jpg,target,1,0,1,oddball,old,1,1,2.06018934352831,91.853857755661,1,0.547857284545898,1,0,1,0.5,pilot_21_10,,
img_60242.png,kitchens,4,7,1,oddball,old,1,1,1.29389934624308,94.2287695407867,0,1.79389834403992,0,0,1,0.5,pilot_21_10,,
brittani-burns-ZjnINvfPnig-unsplash_resized.jpg,target,1,0,1,oddball,old,1,1,1.39669542843962,96.0620346069336,1,0.747498273849487,1,0,1,0.5,pilot_21_10,,
img_01w8b.png,kitchens,4,8,1,oddball,old,1,1,1.38602223547498,98.7202706336975,0,1.88602542877197,0,0,1,0.5,pilot_21_10,,
brad-vVPotIGREhY-unsplash_resized.jpg,target,1,0,1,oddball,old,1,1,1.50366224965427,100.645199298859,1,0.668201684951782,1,0,1,0.5,pilot_21_10,,
img_nyv2b.png,kitchens,4,1,1,oddball,old,1,1,1.28936270817139,103.128441095352,0,1.78936195373535,0,0,1,0.5,pilot_21_10,,
bathroom-1940171_1920_resized.jpg,nontarget,2,0,1,oddball,old,1,1,2.82253094846893,104.953374385834,0,3.32253360748291,0,0,1,0.5,pilot_21_10,,
img_nzqfw.png,kitchens,4,10,1,oddball,old,1,1,2.70422682806924,108.319918632507,0,3.20422744750977,0,0,1,0.5,pilot_21_10,,
backbone-visuals-L4iRkKL5dng-unsplash_resized.jpg,nontarget,2,0,1,oddball,old,1,1,1.81884097087767,111.56146812439,0,2.31883978843689,0,0,1,0.5,pilot_21_10,,
img_1vukv.png,kitchens,4,7,1,oddball,old,1,1,1.52820387735542,113.91971540451,0,2.02820754051208,0,0,1,0.5,pilot_21_10,,
bathroom-6893077_1920_resized.jpg,nontarget,2,0,1,oddball,old,1,1,1.28274227887967,115.986307859421,0,1.78274416923523,0,0,1,0.5,pilot_21_10,,
img_t90e2.png,kitchens,4,9,1,oddball,old,1,1,1.47103853601809,117.81124162674,0,1.97104048728943,0,4,1,0.5,pilot_21_10,,
img_411xa.png,kitchens,4,2,1,oddball,old,1,1,1.89406616910699,119.827835798264,0,2.39406514167786,0,1,1,0.5,pilot_21_10,,
chuttersnap-6xB6mxsLTV0-unsplash_resized.jpg,target,1,0,1,oddball,old,1,1,1.51164327092007,122.261082172394,1,0.779772758483887,1,0,1,0.5,pilot_21_10,,
img_cv6mf.png,kitchens,4,4,1,oddball,old,1,1,1.30806320074193,124.869321584702,0,1.80806446075439,0,3,1,0.5,pilot_21_10,,
img_fcfjj.png,kitchens,4,7,1,oddball,old,1,1,1.14664136147284,126.719255685806,0,1.64664435386658,0,0,1,0.5,pilot_21_10,,
img_qwjcs.png,kitchens,4,7,1,oddball,old,1,1,2.71891547008122,128.410861730576,0,3.21891617774963,0,0,1,0.5,pilot_21_10,,
img_3m2h0.png,kitchens,4,10,1,oddball,old,1,1,1.44223570187922,131.669078350067,0,1.94223856925964,0,2,1,0.5,pilot_21_10,,
alexander-fife-6fWlqSqzWus-unsplash_resized.jpg,nontarget,2,0,1,oddball,old,1,1,1.83422806037878,133.644008874893,0,2.33422923088074,0,0,1,0.5,pilot_21_10,,
img_5ovr5.png,kitchens,4,8,1,oddball,old,1,1,1.19547149371831,136.018924713135,0,1.69547128677368,0,0,1,0.5,pilot_21_10,,
caique-morais-YVSR6ILS9wM-unsplash_resized.jpg,target,1,0,1,oddball,old,1,1,1.84894731801615,137.752196788788,1,0.848534107208252,1,0,1,0.5,pilot_21_10,,
img_ensho.png,kitchens,4,6,1,oddball,old,1,1,2.94477213649884,142.068710803986,0,3.44477510452271,0,0,1,0.5,pilot_21_10,,
annie-vo-H6JDMQ0ym8k-unsplash_resized.jpg,target,1,0,1,oddball,old,1,1,1.53027474712253,145.543588638306,1,0.576754331588745,1,0,1,0.5,pilot_21_10,,
img_9ann0.png,kitchens,4,9,1,oddball,old,1,1,1.60683085293214,148.251827955246,0,2.10683107376099,0,0,1,0.5,pilot_21_10,,
bruno-guerrero-hsLEinH0XrU-unsplash_resized.jpg,target,1,0,1,oddball,old,1,1,2.36857196142035,150.393418550491,1,0.646833419799805,1,0,1,0.5,pilot_21_10,,
img_3y35o.png,kitchens,4,10,1,oddball,old,1,1,1.1112328079696,152.676674842834,0,1.61123323440552,0,3,1,0.5,pilot_21_10,,
img_xti0z.png,kitchens,4,8,1,oddball,old,1,1,1.36677589955932,154.326770782471,0,1.86677718162537,0,2,1,0.5,pilot_21_10,,
bathroom-335748_1920_resized.jpg,nontarget,2,0,1,oddball,old,1,1,1.51096699064539,156.226881980896,0,2.01096796989441,0,0,1,0.5,pilot_21_10,,
img_xguy9.png,kitchens,4,7,1,oddball,old,1,1,1.75963085687737,158.276999950409,0,2.25963306427002,0,4,1,0.5,pilot_21_10,,
img_be0j0.png,kitchens,4,7,1,oddball,old,1,1,1.00070669199313,160.577132701874,0,1.5007061958313,0,2,1,0.5,pilot_21_10,,
alex-tyson-trSptCbWxAo-unsplash_resized.jpg,nontarget,2,0,1,oddball,old,1,1,1.1078353987241,162.110552787781,0,1.60783815383911,0,0,1,0.5,pilot_21_10,,
img_ay56d.png,kitchens,4,8,1,oddball,old,1,1,2.58434682500458,163.760647773743,0,3.08434629440308,0,0,1,0.5,pilot_21_10,,
adiptalk-3VoUDb-sVt4-unsplash_resized.jpg,target,1,0,1,oddball,old,1,1,2.07744653368751,166.877490758896,1,0.579698324203491,1,0,1,0.5,pilot_21_10,,
img_ikk62.png,kitchens,4,1,1,oddball,old,1,1,1.96352999194581,169.944329738617,0,2.46353220939636,0,3,1,0.5,pilot_21_10,,
img_7xzhf.png,kitchens,4,6,1,oddball,old,1,1,1.38674972691875,172.452802419662,0,1.88675355911255,0,2,1,0.5,pilot_21_10,,
bathroom-6893117_1920_resized.jpg,nontarget,2,0,1,oddball,old,1,1,1.75102136774206,174.377909421921,0,2.25102257728577,0,0,1,0.5,pilot_21_10,,
img_hkye1.png,kitchens,4,6,1,oddball,old,1,1,1.5077535963948,176.669702529907,0,2.00775551795959,0,0,1,0.5,pilot_21_10,,
bathroom-8260426_1920_resized.jpg,nontarget,2,0,1,oddball,old,1,1,1.5628869702406,178.711481809616,0,2.06288719177246,0,0,1,0.5,pilot_21_10,,
img_uhmld.png,kitchens,4,2,1,oddball,old,1,1,2.44815638054391,180.819929361343,0,2.94815969467163,0,0,1,0.5,pilot_21_10,,
alan-alves-yUtPwsEau8I-unsplash_resized.jpg,target,1,0,1,oddball,old,1,1,1.09239211856305,183.811758995056,1,0.662591934204102,1,0,1,0.5,pilot_21_10,,
img_lpj57.png,kitchens,4,6,1,oddball,old,1,1,1.64689974469118,186.645244598389,0,2.14690232276917,0,3,1,0.5,pilot_21_10,,
img_5yhe7.png,kitchens,4,10,1,oddball,old,1,1,2.14363208080498,188.845362901688,0,2.64363408088684,0,2,1,0.5,pilot_21_10,,
bathroom-3615667_1280_resized.jpg,nontarget,2,0,1,oddball,old,1,1,1.07366885983791,191.520504713058,0,1.57366824150085,0,0,1,0.5,pilot_21_10,,
img_anfk9.png,kitchens,4,7,1,oddball,old,1,1,1.37149643216364,193.137256383896,0,1.87149858474731,0,0,1,0.5,pilot_21_10,,
brad-2Vl1JZFmtOw-unsplash_resized.jpg,target,1,0,1,oddball,old,1,1,1.1750831477999,195.045690774918,1,0.549352169036865,1,0,1,0.5,pilot_21_10,,
img_k0ze7.png,kitchens,4,3,1,oddball,old,1,1,1.99668253124732,198.11251783371,0,2.49668216705322,0,0,1,0.5,pilot_21_10,,
benigno-hoyuela-Z5PknsAvHkk-unsplash_resized.jpg,target,1,0,1,oddball,old,1,1,1.22193217304212,200.645981311798,1,0.517383575439453,1,0,1,0.5,pilot_21_10,,
img_rf540.png,kitchens,4,8,1,oddball,old,1,1,1.45632497722427,203.146110534668,0,1.95632839202881,0,3,1,0.5,pilot_21_10,,
img_k3abb.png,kitchens,4,1,1,oddball,old,1,1,1.41192684090054,205.146213769913,0,1.91192817687988,0,2,1,0.5,pilot_21_10,,
99-films-9K-rMgWLCYM-unsplash_resized.jpg,nontarget,2,0,1,oddball,old,1,1,2.18913338420808,207.096312522888,0,2.68913435935974,0,0,1,0.5,pilot_21_10,,
img_v176l.png,kitchens,4,1,1,oddball,old,1,1,1.1407905074522,209.829784154892,0,1.64078974723816,0,0,1,0.5,pilot_21_10,,
cheungyin-8TEj9frsgO0-unsplash_resized.jpg,target,1,0,1,oddball,old,1,1,1.09018390975551,211.504868984222,1,0.531233072280884,1,0,1,0.5,pilot_21_10,,
img_ifebc.png,kitchens,4,10,1,oddball,old,1,1,2.5616399992173,215.13005065918,0,3.06164336204529,0,3,1,0.5,pilot_21_10,,
img_uy1n4.png,kitchens,4,7,1,memory,new,2,1,1.10849373260271,219.338592529297,3,3.96903443336487,,0,1,0.5,pilot_21_10,3,cr
img_2b8fp.png,kitchens,4,6,1,memory,new,2,1,1.7738328446431,225.138875722885,2,2.37795329093933,,0,1,0.5,pilot_21_10,2,fa
img_c79r7.png,kitchens,4,2,1,memory,new,2,1,2.01862048132056,229.589087724686,4,1.14857721328735,,0,1,0.5,pilot_21_10,4,cr
img_jlw8j.png,kitchens,4,9,1,memory,old,1,1,2.48628509184703,233.272595643997,3,2.74857425689697,,0,1,0.5,pilot_21_10,3,miss
img_os8fo.png,kitchens,4,6,1,memory,new,2,1,1.30462536195299,237.372786521912,2,1.23394441604614,,0,1,0.5,pilot_21_10,2,fa
img_7wquy.png,kitchens,4,2,1,memory,new,2,1,1.65185531258802,240.314589977264,3,1.18971610069275,,0,1,0.5,pilot_21_10,3,cr
img_fhm45.png,kitchens,4,7,1,memory,new,2,1,1.00093011022074,242.556359529495,3,1.4610424041748,,0,1,0.5,pilot_21_10,3,cr
img_5ovr5.png,kitchens,4,8,1,memory,old,1,1,1.77479736219125,245.839842557907,1,1.22744655609131,,0,1,0.5,pilot_21_10,1,hit
img_ewrjk.png,kitchens,4,6,1,memory,new,2,1,1.51343850333323,248.631635904312,4,1.67671799659729,,0,1,0.5,pilot_21_10,4,cr
img_t1cr9.png,kitchens,4,6,1,memory,old,1,1,1.53335831235836,251.898450136185,3,1.52451777458191,,0,1,0.5,pilot_21_10,3,miss
img_k0ze7.png,kitchens,4,3,1,memory,old,1,1,1.16416397743995,254.631904840469,3,0.836560249328613,,0,1,0.5,pilot_21_10,3,miss
img_t27my.png,kitchens,4,1,1,memory,new,2,1,1.07084838223473,256.590324640274,3,1.16472625732422,,0,1,0.5,pilot_21_10,3,cr
img_463mq.png,kitchens,4,2,1,memory,new,2,1,1.21589294596982,259.015431642532,3,2.17396831512451,,0,1,0.5,pilot_21_10,3,cr
img_durse.png,kitchens,4,6,1,memory,new,2,1,1.62892457034205,262.865599393845,3,1.69854164123535,,0,1,0.5,pilot_21_10,3,cr
img_uhmld.png,kitchens,4,2,1,memory,old,1,1,1.10317174344524,265.715722799301,2,1.71610713005066,,0,1,0.5,pilot_21_10,2,hit
img_iyxnj.png,kitchens,4,6,1,memory,new,2,1,1.70727057799229,269.182537317276,3,2.38609671592712,,0,1,0.5,pilot_21_10,3,cr
img_faly8.png,kitchens,4,1,1,memory,new,2,1,1.1608203186206,272.782690525055,4,1.6325044631958,,0,1,0.5,pilot_21_10,4,cr
img_xti0z.png,kitchens,4,8,1,memory,old,1,1,1.98496553584928,276.449512004852,1,2.55127596855164,,2,1,0.5,pilot_21_10,1,hit
img_v176l.png,kitchens,4,1,1,memory,old,1,1,1.01047086494244,280.066329717636,1,1.3038923740387,,0,1,0.5,pilot_21_10,1,hit
img_0uiwg.png,kitchens,4,6,1,memory,new,2,1,1.52513322376196,282.949781417847,2,1.3079035282135,,0,1,0.5,pilot_21_10,2,fa
img_lpj57.png,kitchens,4,6,1,memory,old,1,1,1.72951878039976,286.033241510391,3,0.969775438308716,,3,1,0.5,pilot_21_10,3,miss
img_29gyt.png,kitchens,4,6,1,memory,new,2,1,1.20608023705025,288.258333206177,3,1.66814279556274,,0,1,0.5,pilot_21_10,3,cr
img_89rmb.png,kitchens,4,2,1,memory,new,2,1,2.25067536199358,292.233492612839,4,1.64859843254089,,0,1,0.5,pilot_21_10,4,cr
img_ub9nn.png,kitchens,4,8,1,memory,old,1,1,1.22889180186219,295.158609390259,3,1.08277249336243,,0,1,0.5,pilot_21_10,3,miss
img_d8xbu.png,kitchens,4,10,1,memory,old,1,1,1.23549889946655,297.525369644165,3,1.46631145477295,,2,1,0.5,pilot_21_10,3,miss
img_ye5sl.png,kitchens,4,2,1,memory,old,1,1,2.2709306756457,301.308851718903,1,2.01205515861511,,0,1,0.5,pilot_21_10,1,hit
img_3m2h0.png,kitchens,4,10,1,memory,old,1,1,1.39601643264881,304.767320156097,2,1.41271781921387,,2,1,0.5,pilot_21_10,2,hit
img_9ann0.png,kitchens,4,9,1,memory,old,1,1,1.65913890988918,307.900774717331,3,0.856742382049561,,0,1,0.5,pilot_21_10,3,miss
img_5pmhd.png,kitchens,4,7,1,memory,new,2,1,1.71021984712095,310.517541646957,2,1.61700534820557,,0,1,0.5,pilot_21_10,2,fa
img_oz18d.png,kitchens,4,8,1,memory,old,1,1,1.22075987331038,313.409318685532,3,1.63446521759033,,4,1,0.5,pilot_21_10,3,miss
img_411xa.png,kitchens,4,2,1,memory,old,1,1,1.13224302741889,316.226092576981,2,1.38870739936829,,1,1,0.5,pilot_21_10,2,hit
img_3a6lc.png,kitchens,4,7,1,memory,new,2,1,1.19938749091537,318.859525918961,2,3.12393999099731,,0,1,0.5,pilot_21_10,2,fa
img_mgnmm.png,kitchens,4,8,1,memory,new,2,1,1.54227777775394,323.576367378235,2,0.949357509613037,,0,1,0.5,pilot_21_10,2,fa
img_di49w.png,kitchens,4,6,1,memory,new,2,1,2.3815028075164,326.951492547989,2,1.13973045349121,,0,1,0.5,pilot_21_10,2,fa
img_o19em.png,kitchens,4,7,1,memory,new,2,1,1.85407726847715,329.993269681931,3,1.08049821853638,,0,1,0.5,pilot_21_10,3,cr
img_cfarv.png,kitchens,4,1,1,memory,new,2,1,1.03509574029809,332.160014629364,4,0.815076351165771,,0,1,0.5,pilot_21_10,4,cr
img_z44hw.png,kitchens,4,6,1,memory,new,2,1,1.12318943964496,334.143419742584,3,2.16497015953064,,0,1,0.5,pilot_21_10,3,cr
img_p3hpc.png,kitchens,4,6,1,memory,old,1,1,1.1413754245569,337.493539571762,2,2.34619235992432,,1,1,0.5,pilot_21_10,2,hit
img_ua9bs.png,kitchens,4,9,1,memory,old,1,1,1.38338441635163,341.277007102966,3,1.63428997993469,,2,1,0.5,pilot_21_10,3,miss
img_7w5tw.png,kitchens,4,2,1,memory,new,2,1,1.4732282572297,344.435450553894,3,1.08120846748352,,0,1,0.5,pilot_21_10,3,cr
img_jz3kd.png,kitchens,4,6,1,memory,new,2,1,1.00751307349087,346.568859100342,2,1.64793682098389,,0,1,0.5,pilot_21_10,2,fa
img_hkye1.png,kitchens,4,6,1,memory,old,1,1,1.17996523119293,349.443957567215,1,1.29897451400757,,0,1,0.5,pilot_21_10,1,hit
img_qihxi.png,kitchens,4,7,1,memory,old,1,1,2.1507883801415,352.944077730179,3,0.693565368652344,,2,1,0.5,pilot_21_10,3,miss
img_60242.png,kitchens,4,7,1,memory,old,1,1,1.06083779777228,354.752471923828,3,0.837241172790527,,0,1,0.5,pilot_21_10,3,miss
img_rav8j.png,kitchens,4,1,1,memory,old,1,1,1.56263798804396,357.20255446434,4,1.43386363983154,,4,1,0.5,pilot_21_10,4,miss
img_kwbzo.png,kitchens,4,10,1,memory,old,1,1,1.68757527551093,360.377661705017,3,1.17339324951172,,0,1,0.5,pilot_21_10,3,miss
img_eppte.png,kitchens,4,7,1,memory,new,2,1,2.03106943584245,363.627768516541,3,1.06508541107178,,0,1,0.5,pilot_21_10,3,cr
img_be0j0.png,kitchens,4,7,1,memory,old,1,1,1.07330068986663,365.811173677444,3,0.9832444190979,,2,1,0.5,pilot_21_10,3,miss
img_6nbgt.png,kitchens,4,7,1,memory,new,2,1,1.30176568519244,368.144583702087,3,5.55780124664307,,0,1,0.5,pilot_21_10,3,cr
img_lgyo6.png,kitchens,4,2,1,memory,new,2,1,1.9235818589222,375.669825792313,4,0.871283292770386,,0,1,0.5,pilot_21_10,4,cr
img_t90e2.png,kitchens,4,9,1,memory,old,1,1,1.9410494888575,378.528249740601,2,1.05333518981934,,4,1,0.5,pilot_21_10,2,hit
img_84s7n.png,kitchens,4,1,1,memory,new,2,1,1.13715944037702,380.769986629486,2,3.00850439071655,,0,1,0.5,pilot_21_10,2,fa
img_ensho.png,kitchens,4,6,1,memory,old,1,1,1.4559380318784,385.27845954895,2,1.11696147918701,,0,1,0.5,pilot_21_10,2,hit
img_uwv6y.png,kitchens,4,8,1,memory,old,1,1,1.03193725668727,387.478527545929,3,1.71391153335571,,0,1,0.5,pilot_21_10,3,miss
img_c30d1.png,kitchens,4,8,1,memory,new,2,1,2.60958990198063,391.853660821915,3,0.958124160766602,,0,1,0.5,pilot_21_10,3,cr
img_esb4r.png,kitchens,4,3,1,memory,old,1,1,1.7494549912357,394.60374379158,3,1.55999612808228,,1,1,0.5,pilot_21_10,3,miss
img_xrzk6.png,kitchens,4,6,1,memory,new,2,1,1.46512057593618,397.67883515358,3,1.39751887321472,,0,1,0.5,pilot_21_10,3,cr
img_3y35o.png,kitchens,4,10,1,memory,old,1,1,2.11554761334389,401.237273693085,4,1.19533228874207,,3,1,0.5,pilot_21_10,4,miss
img_qwjcs.png,kitchens,4,7,1,memory,old,1,1,2.36748408665796,404.854046821594,2,2.28744316101074,,0,1,0.5,pilot_21_10,2,hit
img_3tnh4.png,kitchens,4,8,1,memory,new,2,1,1.13261846929624,408.320813655853,3,1.4905264377594,,0,1,0.5,pilot_21_10,3,cr
img_7xzhf.png,kitchens,4,6,1,memory,old,1,1,1.14805778482448,411.00422334671,3,1.61802864074707,,2,1,0.5,pilot_21_10,3,miss
img_ay56d.png,kitchens,4,8,1,memory,old,1,1,1.53633629693435,414.195980787277,4,1.23676514625549,,0,1,0.5,pilot_21_10,4,miss
img_j6uoq.png,kitchens,4,6,1,memory,new,2,1,1.60619796321349,417.087728738785,3,0.635550260543823,,0,1,0.5,pilot_21_10,3,cr
img_xnyo5.png,kitchens,4,1,1,memory,old,1,1,1.65890812795736,419.437793731689,3,1.15412616729736,,0,1,0.5,pilot_21_10,3,miss
img_mjxmq.png,kitchens,4,7,1,memory,new,2,1,1.51733457518784,422.162868738174,3,1.19620418548584,,0,1,0.5,pilot_21_10,3,cr
img_q577a.png,kitchens,4,8,1,memory,old,1,1,1.92802319943047,425.337955713272,2,1.18590521812439,,0,1,0.5,pilot_21_10,2,hit
img_atzjw.png,kitchens,4,1,1,memory,new,2,1,2.03671726374116,428.613044977188,4,0.90090799331665,,0,1,0.5,pilot_21_10,4,cr
img_07tdb.png,kitchens,4,8,1,memory,new,2,1,2.90887961688217,432.479814291,3,1.08309459686279,,0,1,0.5,pilot_21_10,3,cr
img_xguy9.png,kitchens,4,7,1,memory,old,1,1,1.65630185866836,435.263221502304,3,1.25087642669678,,4,1,0.5,pilot_21_10,3,miss
img_3shmp.png,kitchens,4,7,1,memory,new,2,1,1.55309596121799,438.121630430222,3,2.26864051818848,,0,1,0.5,pilot_21_10,3,cr
img_xdhz2.png,kitchens,4,3,1,memory,old,1,1,1.28662000684475,441.738391637802,3,0.768183469772339,,4,1,0.5,pilot_21_10,3,miss
img_ifebc.png,kitchens,4,10,1,memory,old,1,1,2.21751106567711,444.780137062073,2,1.55474495887756,,3,1,0.5,pilot_21_10,2,hit
img_a220l.png,kitchens,4,8,1,memory,new,2,1,2.81902599376409,449.205248594284,2,1.17515540122986,,0,1,0.5,pilot_21_10,2,fa
img_1vukv.png,kitchens,4,7,1,memory,old,1,1,1.69075070064042,452.113655328751,4,1.54433965682983,,0,1,0.5,pilot_21_10,4,miss
img_kugyw.png,kitchens,4,6,1,memory,new,2,1,1.04871482193318,454.755387783051,4,1.34701609611511,,0,1,0.5,pilot_21_10,4,cr
img_cwokj.png,kitchens,4,6,1,memory,new,2,1,1.31443178268704,457.463787555695,2,1.4771454334259,,0,1,0.5,pilot_21_10,2,fa
img_1ao2d.png,kitchens,4,1,1,memory,new,2,1,1.85606417962935,460.847204446793,4,0.898791551589966,,0,1,0.5,pilot_21_10,4,cr
img_fcfjj.png,kitchens,4,7,1,memory,old,1,1,1.72945023910143,463.522268772125,3,1.52260828018188,,0,1,0.5,pilot_21_10,3,miss
img_ce9vx.png,kitchens,4,7,1,memory,new,2,1,1.67947206761398,466.772346735001,3,1.12474536895752,,0,1,0.5,pilot_21_10,3,cr
img_eatdk.png,kitchens,4,8,1,memory,new,2,1,1.2542116351974,469.197404623032,2,1.48466444015503,,0,1,0.5,pilot_21_10,2,fa
img_5yhe7.png,kitchens,4,10,1,memory,old,1,1,1.81345018907236,472.547483921051,2,1.31945514678955,,2,1,0.5,pilot_21_10,2,hit
img_cv9qj.png,kitchens,4,3,1,memory,new,2,1,1.02221127595178,474.939205646515,3,1.40591526031494,,0,1,0.5,pilot_21_10,3,cr
img_1s8dl.png,kitchens,4,7,1,memory,new,2,1,1.76094193860585,478.155945301056,2,1.20083165168762,,0,1,0.5,pilot_21_10,2,fa
img_nzqfw.png,kitchens,4,10,1,memory,old,1,1,1.89724994702854,481.306017875671,3,1.95488405227661,,0,1,0.5,pilot_21_10,3,miss
img_qbkdt.png,kitchens,4,5,1,memory,old,1,1,2.6697867686836,485.981122970581,2,1.82785296440125,,0,1,0.5,pilot_21_10,2,hit
img_2d3c2.png,kitchens,4,10,1,memory,old,1,1,1.4726674538695,489.331196784973,3,1.45305728912354,,0,1,0.5,pilot_21_10,3,miss
img_ikk62.png,kitchens,4,1,1,memory,old,1,1,1.1541576573954,491.99792265892,4,2.87595438957214,,3,1,0.5,pilot_21_10,4,miss
img_23ged.png,kitchens,4,6,1,memory,new,2,1,1.08162216264105,496.00634264946,2,1.6106584072113,,0,1,0.5,pilot_21_10,2,fa
img_cv6mf.png,kitchens,4,4,1,memory,old,1,1,1.22293532239633,498.889738082886,3,2.31443691253662,,3,1,0.5,pilot_21_10,3,miss
img_anfk9.png,kitchens,4,7,1,memory,old,1,1,1.57826814842677,502.831487417221,3,0.991576671600342,,0,1,0.5,pilot_21_10,3,miss
img_ykoa1.png,kitchens,4,7,1,memory,new,2,1,1.61071861605052,505.48154258728,4,1.39168334007263,,0,1,0.5,pilot_21_10,4,cr
img_wppku.png,kitchens,4,6,1,memory,new,2,1,1.28248039914796,508.198265314102,4,0.888067722320557,,0,1,0.5,pilot_21_10,4,cr
img_gztbt.png,kitchens,4,2,1,memory,new,2,1,2.34157566276824,511.481667041779,3,1.3418869972229,,0,1,0.5,pilot_21_10,3,cr
img_k3abb.png,kitchens,4,1,1,memory,old,1,1,1.66628787075825,514.531728744507,4,0.911973237991333,,2,1,0.5,pilot_21_10,4,miss
img_e0hwx.png,kitchens,4,7,1,memory,new,2,1,2.80706739064061,518.298470497131,3,0.974446535110474,,0,1,0.5,pilot_21_10,3,cr
img_7pgd2.png,kitchens,4,8,1,memory,new,2,1,1.98192845728673,521.298529624939,3,1.36811947822571,,0,1,0.5,pilot_21_10,3,cr
img_rf540.png,kitchens,4,8,1,memory,old,1,1,1.76949830360406,524.490258693695,3,1.98581719398499,,3,1,0.5,pilot_21_10,3,miss
img_4s67y.png,kitchens,4,8,1,memory,old,1,1,1.5059842530303,528.040326595306,2,1.22785329818726,,3,1,0.5,pilot_21_10,2,hit
img_nyv2b.png,kitchens,4,1,1,memory,old,1,1,1.06331944889214,530.382038593292,2,1.29267930984497,,0,1,0.5,pilot_21_10,2,hit
img_xtb79.png,kitchens,4,2,1,memory,new,2,1,1.03371020749401,532.773749828339,3,1.38985705375671,,0,1,0.5,pilot_21_10,3,cr
img_01w8b.png,kitchens,4,8,1,memory,old,1,1,1.00461684038141,535.21546292305,3,0.918639183044434,,0,1,0.5,pilot_21_10,3,miss
img_uspja.png,kitchens,4,2,1,memory,old,1,1,1.20971881686338,537.398836612701,2,1.86276030540466,,3,1,0.5,pilot_21_10,2,hit
img_jr212.png,bedrooms,3,3,1,oddball,old,1,3,1.49807508659404,596.408130884171,0,1.99807715415955,0,0,1,0.5,pilot_21_10,,
img_5k4cy.png,bedrooms,3,9,1,oddball,old,1,3,1.31579020665815,598.449826717377,0,1.81579327583313,0,1,1,0.5,pilot_21_10,,
grocery-1232944_1920_resized.jpg,target,1,0,1,oddball,old,1,3,1.64897928235534,600.30818605423,1,0.607955932617188,1,0,1,0.5,pilot_21_10,,
img_jfbpi.png,bedrooms,3,4,1,oddball,old,1,3,1.78092509920335,603.224893808365,0,2.28092408180237,0,0,1,0.5,pilot_21_10,,
ganda-lukman-ffjicRx3v1Y-unsplash_resized.jpg,target,1,0,1,oddball,old,1,3,1.84472005617018,605.549924373627,1,0.502336740493774,1,0,1,0.5,pilot_21_10,,
img_krd7g.png,bedrooms,3,8,1,oddball,old,1,3,1.64985113497612,608.233294963837,0,2.14985203742981,0,0,1,0.5,pilot_21_10,,
jon-stebbe-GY5DTZ51sXs-unsplash_resized.jpg,nontarget,2,0,1,oddball,old,1,3,1.82919232771433,610.416657924652,0,2.32919597625732,0,0,1,0.5,pilot_21_10,,
img_db1ke.png,bedrooms,3,6,1,oddball,old,1,3,1.07793738432589,612.783355951309,0,1.57793998718262,0,0,1,0.5,pilot_21_10,,
justin-wolff-f8rXXuctnSw-unsplash_resized.jpg,nontarget,2,0,1,oddball,old,1,3,1.7258359182361,614.400043964386,0,2.22583603858948,0,0,1,0.5,pilot_21_10,,
img_cmyvx.png,bedrooms,3,4,1,oddball,old,1,3,1.40082367163062,616.666740179062,0,1.90082788467407,0,0,1,0.5,pilot_21_10,,
house-method-FssgtQxo2xc-unsplash_resized.jpg,nontarget,2,0,1,oddball,old,1,3,1.30585023349883,618.600098848343,0,1.80585217475891,0,0,1,0.5,pilot_21_10,,
img_49h18.png,bedrooms,3,3,1,oddball,old,1,3,2.34341392768571,620.450122833252,0,2.84341526031494,0,4,1,0.5,pilot_21_10,,
img_aki78.png,bedrooms,3,10,1,oddball,old,1,3,1.38483647140092,623.33349275589,0,1.88483929634094,0,0,1,0.5,pilot_21_10,,
img_sltwe.png,bedrooms,3,5,1,oddball,old,1,3,1.52826925248955,625.258518218994,0,2.02827167510986,0,1,1,0.5,pilot_21_10,,
jose-fabula-ryNJ5mqYloo-unsplash_resized.jpg,target,1,0,1,oddball,old,1,3,2.57251756237823,627.325209617615,1,0.735676288604736,1,0,1,0.5,pilot_21_10,,
img_juob3.png,bedrooms,3,7,1,oddball,old,1,3,2.15793149028671,630.741918325424,0,2.65793561935425,0,0,1,0.5,pilot_21_10,,
hulki-okan-tabak-AG0iadQfRDg-unsplash_resized.jpg,target,1,0,1,oddball,old,1,3,1.85565409245365,633.433617591858,1,0.795478343963623,1,0,1,0.5,pilot_21_10,,
img_dkqas.png,bedrooms,3,7,1,oddball,old,1,3,2.39149769584563,637.141995668411,0,2.89149737358093,0,3,1,0.5,pilot_21_10,,
img_3cp3s.png,bedrooms,3,6,1,oddball,old,1,3,1.61405506080066,640.075363397598,0,2.11405467987061,0,0,1,0.5,pilot_21_10,,
img_izc5x.png,bedrooms,3,9,1,oddball,old,1,3,1.43428509092478,642.225388765335,0,1.93428516387939,0,2,1,0.5,pilot_21_10,,
interior-design-6799917_1280_resized.jpg,nontarget,2,0,1,oddball,old,1,3,1.28332648980882,644.1920773983,0,1.78332662582397,0,0,1,0.5,pilot_21_10,,
img_8dacu.png,bedrooms,3,6,1,oddball,old,1,3,2.16044255692264,646.008765459061,0,2.66044545173645,0,0,1,0.5,pilot_21_10,,
lotus-design-n-print-8WG4EXvdM4M-unsplash_resized.jpg,nontarget,2,0,1,oddball,old,1,3,1.49999413726398,648.700464010239,0,1.99999690055847,0,0,1,0.5,pilot_21_10,,
img_c4uwt.png,bedrooms,3,2,1,oddball,old,1,3,2.50918807630861,650.733820676804,0,3.00918936729431,0,0,1,0.5,pilot_21_10,,
jan-antonin-kolar-y6zRzU2_GAA-unsplash_resized.jpg,target,1,0,1,oddball,old,1,3,1.16960120221593,653.783855199814,1,0.709680795669556,1,0,1,0.5,pilot_21_10,,
img_7z2tj.png,bedrooms,3,8,1,oddball,old,1,3,1.70051743763586,656.725554704666,0,2.20052027702332,0,3,1,0.5,pilot_21_10,,
img_zzb9f.png,bedrooms,3,10,1,oddball,old,1,3,1.44789728588942,658.967246770859,0,1.94789624214172,0,1,1,0.5,pilot_21_10,,
franki-chamaki-ivfp_yxZuYQ-unsplash_resized.jpg,target,1,0,1,oddball,old,1,3,2.38785920545415,660.95060133934,1,0.607054710388184,1,0,1,0.5,pilot_21_10,,
img_1fjfz.png,bedrooms,3,6,1,oddball,old,1,3,1.13153893854255,663.208959579468,0,1.63154244422913,0,3,1,0.5,pilot_21_10,,
img_gym7g.png,bedrooms,3,10,1,oddball,old,1,3,1.10731084746032,664.892311096191,0,1.60731101036072,0,2,1,0.5,pilot_21_10,,
jana-heinemann-hztvuJsoTmY-unsplash_resized.jpg,nontarget,2,0,1,oddball,old,1,3,1.58252789525876,666.533994674683,0,2.08253121376038,0,0,1,0.5,pilot_21_10,,
img_jge7p.png,bedrooms,3,10,1,oddball,old,1,3,1.13826845264393,668.659017324448,0,1.63827061653137,0,0,1,0.5,pilot_21_10,,
michiel-van-kaam-QhbtepGK5Yg-unsplash_resized.jpg,nontarget,2,0,1,oddball,old,1,3,1.70981096698426,670.33403468132,0,2.20981240272522,0,0,1,0.5,pilot_21_10,,
img_gv750.png,bedrooms,3,8,1,oddball,old,1,3,1.93819686046839,672.584058046341,0,2.43819999694824,0,0,1,0.5,pilot_21_10,,
jon-stebbe-JAW8aK3ImD8-unsplash_resized.jpg,nontarget,2,0,1,oddball,old,1,3,1.05943498796263,675.059083223343,0,1.5594367980957,0,0,1,0.5,pilot_21_10,,
img_9pfbj.png,bedrooms,3,10,1,oddball,old,1,3,1.79164883663621,676.659100532532,0,2.29165244102478,0,4,1,0.5,pilot_21_10,,
img_su4ip.png,bedrooms,3,6,1,oddball,old,1,3,2.16927884021174,678.992456912994,0,2.66928219795227,0,1,1,0.5,pilot_21_10,,
julia-anseele-YUzypVCe8WE-unsplash_resized.jpg,target,1,0,1,oddball,old,1,3,1.6904799250061,681.700817346573,1,0.585295677185059,1,0,1,0.5,pilot_21_10,,
img_zgg62.png,bedrooms,3,8,1,oddball,old,1,3,1.83256490455741,684.642512798309,0,2.33256721496582,0,0,1,0.5,pilot_21_10,,
hafeez-popoola-HJA1H6RbekA-unsplash_resized.jpg,target,1,0,1,oddball,old,1,3,1.54953523436077,687.009202957153,1,0.70907998085022,1,0,1,0.5,pilot_21_10,,
img_bdz92.png,bedrooms,3,4,1,oddball,old,1,3,2.98404109365162,691.23424243927,0,3.48404455184937,0,0,1,0.5,pilot_21_10,,
lotus-design-n-print-Dk_o7KQyGkI-unsplash_resized.jpg,nontarget,2,0,1,oddball,old,1,3,1.80081687076883,694.75094127655,0,2.3008177280426,0,0,1,0.5,pilot_21_10,,
img_ycgfe.png,bedrooms,3,9,1,oddball,old,1,3,2.51400845603136,697.092629909515,0,3.01401305198669,0,4,1,0.5,pilot_21_10,,
img_6qetq.png,bedrooms,3,6,1,oddball,old,1,3,1.9840799002163,700.142658233643,0,2.48408269882202,0,1,1,0.5,pilot_21_10,,
grocery-4715107_1920_resized.jpg,target,1,0,1,oddball,old,1,3,1.85423551727834,702.667680025101,1,0.490803956985474,1,0,1,0.5,pilot_21_10,,
img_mqnl6.png,bedrooms,3,5,1,oddball,old,1,3,1.39587741295544,705.101034641266,0,1.89587736129761,0,3,1,0.5,pilot_21_10,,
img_kzh5g.png,bedrooms,3,6,1,oddball,old,1,3,1.63901240887988,707.042718172073,0,2.13901686668396,0,1,1,0.5,pilot_21_10,,
franki-chamaki-GFPcR7N5CCE-unsplash_resized.jpg,target,1,0,1,oddball,old,1,3,2.59127794370931,709.217737197876,1,0.596827745437622,1,0,1,0.5,pilot_21_10,,
img_cust8.png,bedrooms,3,10,1,oddball,old,1,3,1.55671941685173,711.892758607864,0,2.05672144889832,0,0,1,0.5,pilot_21_10,,
jack-lee-IH65r4HEQWQ-unsplash_resized.jpg,target,1,0,1,oddball,old,1,3,1.28580918722764,713.984442710876,1,0.454275369644165,1,0,1,0.5,pilot_21_10,,
img_mbdnp.png,bedrooms,3,10,1,oddball,old,1,3,1.48751218638408,716.509463310242,0,1.98751378059387,0,0,1,0.5,pilot_21_10,,
kc-shum-HbJ-mX4gdlg-unsplash_resized.jpg,target,1,0,1,oddball,old,1,3,1.08854306199066,718.534479856491,1,0.552303075790405,1,0,1,0.5,pilot_21_10,,
img_kljj4.png,bedrooms,3,4,1,oddball,old,1,3,1.74449076776572,721.359501838684,0,2.24449014663696,0,0,1,0.5,pilot_21_10,,
pawel-czerwinski-uOrKsopFGAg-unsplash_resized.jpg,nontarget,2,0,1,oddball,old,1,3,2.67895038077526,723.642853021622,0,3.17895293235779,0,0,1,0.5,pilot_21_10,,
img_vwrot.png,bedrooms,3,7,1,oddball,old,1,3,1.89436215718582,726.867877960205,0,2.39436602592468,0,4,1,0.5,pilot_21_10,,
img_bflfy.png,bedrooms,3,9,1,oddball,old,1,3,1.64456583205172,729.309562921524,0,2.14456796646118,0,2,1,0.5,pilot_21_10,,
illumination-marketing-LbLSqPbnjRw-unsplash_resized.jpg,nontarget,2,0,1,oddball,old,1,3,1.06445689256235,731.492911577225,0,1.56445741653442,0,0,1,0.5,pilot_21_10,,
img_7caxh.png,bedrooms,3,8,1,oddball,old,1,3,1.49270511904793,733.101256608963,0,1.99270844459534,0,0,1,0.5,pilot_21_10,,
fikri-rasyid-ezeC8-clZSs-unsplash_resized.jpg,target,1,0,1,oddball,old,1,3,1.66553782542658,735.134604930878,1,0.480496168136597,1,0,1,0.5,pilot_21_10,,
img_ilxas.png,bedrooms,3,10,1,oddball,old,1,3,1.00044658699076,737.176286697388,0,1.50044631958008,0,0,1,0.5,pilot_21_10,,
interior-design-6799917_1920_resized.jpg,nontarget,2,0,1,oddball,old,1,3,1.3878437655427,738.709629058838,0,1.88784694671631,0,0,1,0.5,pilot_21_10,,
img_ldof4.png,bedrooms,3,1,1,oddball,old,1,3,1.86709827351196,740.642976284027,0,2.36709880828857,0,4,1,0.5,pilot_21_10,,
img_rvssl.png,bedrooms,3,6,1,oddball,old,1,3,1.05585430808178,743.042993545532,0,1.55585646629333,0,2,1,0.5,pilot_21_10,,
murad-kerimli-N03PjHWOEFA-unsplash_resized.jpg,nontarget,2,0,1,oddball,old,1,3,1.28422378334433,744.634670495987,0,1.78422856330872,0,0,1,0.5,pilot_21_10,,
img_ca8kd.png,bedrooms,3,10,1,oddball,old,1,3,1.87678846127628,746.468016624451,0,2.37679028511047,0,0,1,0.5,pilot_21_10,,
gemma-c-stpjHJGqZyw-unsplash_resized.jpg,target,1,0,1,oddball,old,1,3,1.90578067501897,748.884698390961,1,0.538783550262451,1,0,1,0.5,pilot_21_10,,
img_a9acb.png,bedrooms,3,7,1,oddball,old,1,3,1.26761012985449,751.218047857285,0,1.76761412620544,0,3,1,0.5,pilot_21_10,,
img_dwe2q.png,bedrooms,3,9,1,oddball,old,1,3,1.50292368886763,753.026392698288,0,2.00292420387268,0,0,1,0.5,pilot_21_10,,
img_huisn.png,bedrooms,3,5,1,oddball,old,1,3,1.01786824302839,755.076404809952,0,1.51787114143372,0,0,1,0.5,pilot_21_10,,
img_and1v.png,bedrooms,3,8,1,oddball,old,1,3,1.74489247366281,756.634747743607,0,2.24489617347717,0,2,1,0.5,pilot_21_10,,
lotus-design-n-print-g51F6-WYzyU-unsplash_resized.jpg,nontarget,2,0,1,oddball,old,1,3,2.16841378498428,758.918095827103,0,2.66841411590576,0,0,1,0.5,pilot_21_10,,
img_fqgem.png,bedrooms,3,8,1,oddball,old,1,3,1.51446324054053,761.634778738022,0,2.01446413993835,0,0,1,0.5,pilot_21_10,,
grace-kelly-xCxMmFBjJ6o-unsplash_resized.jpg,nontarget,2,0,1,oddball,old,1,3,1.45731372797633,763.684790849686,0,1.95731616020203,0,0,1,0.5,pilot_21_10,,
img_bj2gr.png,bedrooms,3,4,1,oddball,old,1,3,1.60284406387525,765.684801578522,0,2.10284638404846,0,4,1,0.5,pilot_21_10,,
img_kkqxu.png,bedrooms,3,10,1,oddball,old,1,3,1.82576934659897,767.834814071655,0,2.32577300071716,0,1,1,0.5,pilot_21_10,,
hendrik-morkel-hZIhvOwyP0U-unsplash_resized.jpg,target,1,0,1,oddball,old,1,3,2.10626488623189,770.201493740082,1,0.48627233505249,1,0,1,0.5,pilot_21_10,,
img_swcci.png,bedrooms,3,2,1,oddball,old,1,3,2.98578696973839,774.22651553154,0,3.48579144477844,0,3,1,0.5,pilot_21_10,,
img_cgdyc.png,bedrooms,3,1,1,oddball,old,1,3,2.43771261564986,777.759869098663,0,2.93771195411682,0,2,1,0.5,pilot_21_10,,
hemant-kanojiya-LSKfjiXsbUU-unsplash_resized.jpg,nontarget,2,0,1,oddball,old,1,3,2.00820782097085,780.734883785248,0,2.50820827484131,0,0,1,0.5,pilot_21_10,,
img_ktg8p.png,bedrooms,3,1,1,oddball,old,1,3,1.21689189462944,783.284896850586,0,1.71689605712891,0,0,1,0.5,pilot_21_10,,
franki-chamaki-ZLaxv6iiLcI-unsplash_resized.jpg,target,1,0,1,oddball,old,1,3,1.02576453452077,785.034905910492,1,0.821061134338379,1,0,1,0.5,pilot_21_10,,
img_bklr1.png,bedrooms,3,9,1,oddball,old,1,3,1.07559648317232,787.459917545319,0,1.57559752464294,0,0,1,0.5,pilot_21_10,,
jose-angel-perales-gomez-ktswqGsqaMQ-unsplash_resized.jpg,target,1,0,1,oddball,old,1,3,1.99928688509017,789.06825876236,1,0.523833274841309,1,0,1,0.5,pilot_21_10,,
img_j5nfe.png,bedrooms,3,6,1,oddball,old,1,3,2.01800181527075,792.14327287674,0,2.51800608634949,0,0,1,0.5,pilot_21_10,,
jana-heinemann-pVQM6vJg92M-unsplash_resized.jpg,nontarget,2,0,1,oddball,old,1,3,1.03301599260039,794.701617956161,0,1.53301811218262,0,0,1,0.5,pilot_21_10,,
img_oou46.png,bedrooms,3,6,1,memory,new,2,3,2.3936459786398,798.659968614578,2,2.61176443099976,,0,1,0.5,pilot_21_10,2,fa
img_9pfbj.png,bedrooms,3,10,1,memory,old,1,3,1.30551503588947,802.626651287079,2,1.59606266021729,,4,1,0.5,pilot_21_10,2,hit
img_fqgem.png,bedrooms,3,8,1,memory,old,1,3,1.09280596212879,805.368329524994,2,1.48465943336487,,0,1,0.5,pilot_21_10,2,hit
img_287jq.png,bedrooms,3,6,1,memory,new,2,3,1.43613869421831,808.343341827393,3,1.37797617912292,,0,1,0.5,pilot_21_10,3,cr
img_ose78.png,bedrooms,3,8,1,memory,new,2,3,2.080190887651,811.851688861847,3,1.29462909698486,,0,1,0.5,pilot_21_10,3,cr
img_otfo3.png,bedrooms,3,1,1,memory,new,2,3,1.02809893335713,814.226697921753,2,1.12834715843201,,0,1,0.5,pilot_21_10,2,fa
img_db1ke.png,bedrooms,3,6,1,memory,old,1,3,1.90438795406705,817.310041904449,3,0.941433191299438,,0,1,0.5,pilot_21_10,3,miss
img_and1v.png,bedrooms,3,8,1,memory,old,1,3,1.70943782049587,820.018384456635,1,1.31648445129395,,2,1,0.5,pilot_21_10,1,hit
img_ozxpp.png,bedrooms,3,1,1,memory,new,2,3,2.18437962851056,823.568396568298,4,1.0453155040741,,0,1,0.5,pilot_21_10,4,cr
img_dv86p.png,bedrooms,3,7,1,memory,new,2,3,1.46400817847402,826.126737594604,2,1.18822050094604,,0,1,0.5,pilot_21_10,2,fa
img_d9ogj.png,bedrooms,3,6,1,memory,new,2,3,2.33192526831032,829.693415880203,3,1.42024421691895,,0,1,0.5,pilot_21_10,3,cr
img_gym7g.png,bedrooms,3,10,1,memory,old,1,3,2.22936975385998,833.393426895142,1,0.879008054733276,,2,1,0.5,pilot_21_10,1,hit
img_ycgfe.png,bedrooms,3,9,1,memory,old,1,3,1.62287165701303,835.943433523178,1,1.02471041679382,,4,1,0.5,pilot_21_10,1,hit
img_cmyvx.png,bedrooms,3,4,1,memory,old,1,3,1.09995052849015,838.110106706619,2,0.951943397521973,,0,1,0.5,pilot_21_10,2,hit
img_jge7p.png,bedrooms,3,10,1,memory,old,1,3,1.07161161730791,840.185111522675,3,1.6002984046936,,0,1,0.5,pilot_21_10,3,miss
img_wyctg.png,bedrooms,3,1,1,memory,new,2,3,1.51221306967794,843.343452453613,2,1.16851544380188,,0,1,0.5,pilot_21_10,2,fa
img_j5nfe.png,bedrooms,3,6,1,memory,old,1,3,1.03981739780271,845.601791381836,1,1.56704068183899,,0,1,0.5,pilot_21_10,1,hit
img_scrdm.png,bedrooms,3,7,1,memory,new,2,3,1.03852261071764,848.260132074356,3,1.0909948348999,,0,1,0.5,pilot_21_10,3,cr
img_a9acb.png,bedrooms,3,7,1,memory,old,1,3,1.64578217307954,851.043471097946,2,1.26472592353821,,3,1,0.5,pilot_21_10,2,hit
img_dkqas.png,bedrooms,3,7,1,memory,old,1,3,2.96097688730785,855.318479776382,2,1.51808333396912,,3,1,0.5,pilot_21_10,2,hit
img_6ddrx.png,bedrooms,3,8,1,memory,new,2,3,1.01620210819912,857.901818752289,3,0.881921291351318,,0,1,0.5,pilot_21_10,3,cr
img_7caxh.png,bedrooms,3,8,1,memory,old,1,3,1.34732736822075,860.176822900772,3,0.750990152359009,,0,1,0.5,pilot_21_10,3,miss
img_09jt1.png,bedrooms,3,6,1,memory,new,2,3,1.02065084601839,862.001825809479,3,0.711035251617432,,0,1,0.5,pilot_21_10,3,cr
img_65cdi.png,bedrooms,3,2,1,memory,new,2,3,2.02110170398005,864.785163640976,4,0.963326454162598,,0,1,0.5,pilot_21_10,4,cr
img_bntrh.png,bedrooms,3,6,1,memory,new,2,3,1.58109587141683,867.376834630966,4,0.833418369293213,,0,1,0.5,pilot_21_10,4,cr
img_bj2gr.png,bedrooms,3,4,1,memory,old,1,3,1.42616527494394,869.685171842575,2,1.29491019248962,,4,1,0.5,pilot_21_10,2,hit
img_qbdgm.png,bedrooms,3,7,1,memory,new,2,3,2.15839792487321,873.193510770798,3,0.797472238540649,,0,1,0.5,pilot_21_10,3,cr
img_mqnl6.png,bedrooms,3,5,1,memory,old,1,3,2.04087348505974,876.076847553253,2,1.11595749855042,,3,1,0.5,pilot_21_10,2,hit
img_gxm46.png,bedrooms,3,6,1,memory,new,2,3,1.60631915161427,878.843517780304,3,1.52932929992676,,0,1,0.5,pilot_21_10,3,cr
img_cgdyc.png,bedrooms,3,1,1,memory,old,1,3,1.67506631864598,882.101854562759,2,0.996536493301392,,2,1,0.5,pilot_21_10,2,hit
img_rvssl.png,bedrooms,3,6,1,memory,old,1,3,1.84717314579122,884.985191345215,2,1.04617953300476,,2,1,0.5,pilot_21_10,2,hit
img_q3mdq.png,bedrooms,3,6,1,memory,new,2,3,1.6122624410426,887.693527936935,2,2.02059412002563,,0,1,0.5,pilot_21_10,2,fa
img_3cp3s.png,bedrooms,3,6,1,memory,old,1,3,1.78734041201648,891.551863670349,2,2.33347535133362,,0,1,0.5,pilot_21_10,2,hit
img_q5ldz.png,bedrooms,3,7,1,memory,new,2,3,1.77197108211926,895.701865673065,3,0.82828426361084,,0,1,0.5,pilot_21_10,3,cr
img_drqfp.png,bedrooms,3,7,1,memory,new,2,3,1.29867663924799,897.876865625381,4,0.973986387252808,,0,1,0.5,pilot_21_10,4,cr
img_gzbdr.png,bedrooms,3,1,1,memory,new,2,3,1.99839132948889,900.893533229828,3,1.46937465667725,,0,1,0.5,pilot_21_10,3,cr
img_vx3gs.png,bedrooms,3,6,1,memory,new,2,3,2.41135564393977,904.826864957809,3,0.920876979827881,,0,1,0.5,pilot_21_10,3,cr
img_5vc3c.png,bedrooms,3,7,1,memory,new,2,3,1.72392913560894,907.518530368805,3,0.945734739303589,,0,1,0.5,pilot_21_10,3,cr
img_e26ut.png,bedrooms,3,8,1,memory,new,2,3,1.08168500113173,909.585196971893,3,0.764893054962158,,0,1,0.5,pilot_21_10,3,cr
img_swcci.png,bedrooms,3,2,1,memory,old,1,3,2.35356864490914,912.751861810684,3,1.15685820579529,,3,1,0.5,pilot_21_10,3,miss
img_njear.png,bedrooms,3,7,1,memory,new,2,3,1.04714810342075,915.010193347931,3,0.635644674301147,,0,1,0.5,pilot_21_10,3,cr
img_zzb9f.png,bedrooms,3,10,1,memory,old,1,3,1.01231165726469,916.710193395615,3,2.59994769096375,,1,1,0.5,pilot_21_10,3,miss
img_7z2tj.png,bedrooms,3,8,1,memory,old,1,3,2.49828881831826,921.860189676285,3,1.48865628242493,,3,1,0.5,pilot_21_10,3,miss
img_gv750.png,bedrooms,3,8,1,memory,old,1,3,1.86967823716923,925.268520593643,4,2.45455932617188,,0,1,0.5,pilot_21_10,4,miss
img_c4uwt.png,bedrooms,3,2,1,memory,old,1,3,1.74190380355228,929.518516778946,4,1.62964129447937,,0,1,0.5,pilot_21_10,4,miss
img_jfbpi.png,bedrooms,3,4,1,memory,old,1,3,1.4047447251248,932.601846933365,4,1.32062315940857,,0,1,0.5,pilot_21_10,4,miss
img_2pnl2.png,bedrooms,3,1,1,memory,new,2,3,1.36391943228394,935.33517742157,2,2.21541857719421,,0,1,0.5,pilot_21_10,2,fa
img_kljj4.png,bedrooms,3,4,1,memory,old,1,3,1.77143068569554,939.368505477905,2,0.874099493026733,,0,1,0.5,pilot_21_10,2,hit
img_zy7pc.png,bedrooms,3,6,1,memory,new,2,3,1.6677423420062,941.960168600082,3,1.46297645568848,,0,1,0.5,pilot_21_10,3,cr
img_zgg62.png,bedrooms,3,8,1,memory,old,1,3,2.09167390313182,945.568497657776,2,2.240567445755,,0,1,0.5,pilot_21_10,2,hit
img_dwe2q.png,bedrooms,3,9,1,memory,old,1,3,1.3963723909174,949.251824378967,3,1.34445452690125,,0,1,0.5,pilot_21_10,3,miss
img_jr212.png,bedrooms,3,3,1,memory,old,1,3,1.7641125288659,952.410153388977,3,1.59612369537354,,0,1,0.5,pilot_21_10,3,miss
img_c2pbs.png,bedrooms,3,1,1,memory,new,2,3,1.70416754966062,955.760147809982,4,1.09722423553467,,0,1,0.5,pilot_21_10,4,cr
img_md6k3.png,bedrooms,3,8,1,memory,new,2,3,2.09761652085126,959.00180888176,4,2.07420706748962,,0,1,0.5,pilot_21_10,4,cr
img_n9xll.png,bedrooms,3,7,1,memory,new,2,3,2.66491551268515,963.785133600235,3,1.45093035697937,,0,1,0.5,pilot_21_10,3,cr
img_a8y4y.png,bedrooms,3,6,1,memory,new,2,3,1.49704822695707,966.785127401352,3,1.35914850234985,,0,1,0.5,pilot_21_10,3,cr
img_huisn.png,bedrooms,3,5,1,memory,old,1,3,1.7368909283351,969.935120582581,2,1.21914744377136,,0,1,0.5,pilot_21_10,2,hit
img_bflfy.png,bedrooms,3,9,1,memory,old,1,3,1.53226777467267,972.735114812851,3,1.35597920417786,,2,1,0.5,pilot_21_10,3,miss
img_49h18.png,bedrooms,3,3,1,memory,old,1,3,1.08790595640371,975.22677564621,3,1.06715631484985,,4,1,0.5,pilot_21_10,3,miss
img_0qndh.png,bedrooms,3,6,1,memory,new,2,3,1.00953159543776,977.368438005447,3,1.40482497215271,,0,1,0.5,pilot_21_10,3,cr
img_4wq98.png,bedrooms,3,7,1,memory,new,2,3,1.47292845680589,980.293430566788,4,1.49586939811707,,0,1,0.5,pilot_21_10,4,cr
img_mdpr4.png,bedrooms,3,6,1,memory,new,2,3,2.08023858178363,983.918422937393,2,1.3659839630127,,0,1,0.5,pilot_21_10,2,fa
img_ktg8p.png,bedrooms,3,1,1,memory,old,1,3,1.10641595773573,986.435083627701,3,1.20148038864136,,0,1,0.5,pilot_21_10,3,miss
img_ca8kd.png,bedrooms,3,10,1,memory,old,1,3,1.20527557475511,988.893411636353,2,0.921035289764404,,0,1,0.5,pilot_21_10,2,hit
img_8dacu.png,bedrooms,3,6,1,memory,old,1,3,1.82486824256018,991.685071468353,1,1.23787045478821,,0,1,0.5,pilot_21_10,1,hit
img_1fjfz.png,bedrooms,3,6,1,memory,old,1,3,1.5183617870853,994.493398666382,3,1.20939922332764,,3,1,0.5,pilot_21_10,3,miss
img_bklr1.png,bedrooms,3,9,1,memory,old,1,3,1.5592214133443,997.31839132309,3,1.41369867324829,,0,1,0.5,pilot_21_10,3,miss
img_0zzo4.png,bedrooms,3,7,1,memory,new,2,3,1.44307253649976,1000.23505043983,3,0.823944568634033,,0,1,0.5,pilot_21_10,3,cr
img_svpek.png,bedrooms,3,7,1,memory,new,2,3,1.79422848356625,1002.90171003342,4,1.0300829410553,,0,1,0.5,pilot_21_10,4,cr
img_oxf89.png,bedrooms,3,6,1,memory,new,2,3,1.38764034822762,1005.36836957932,2,1.38129734992981,,0,1,0.5,pilot_21_10,2,fa
img_krd7g.png,bedrooms,3,8,1,memory,old,1,3,1.73273731772569,1008.52669429779,3,1.32990574836731,,0,1,0.5,pilot_21_10,3,miss
img_d26ik.png,bedrooms,3,7,1,memory,new,2,3,1.52558121137152,1011.43501830101,2,1.05069780349731,,0,1,0.5,pilot_21_10,2,fa
img_aki78.png,bedrooms,3,10,1,memory,old,1,3,1.49453062396672,1014.03501152992,2,2.29427146911621,,0,1,0.5,pilot_21_10,2,hit
img_die1d.png,bedrooms,3,6,1,memory,new,2,3,2.76414072865112,1019.14332842827,3,1.18593049049377,,0,1,0.5,pilot_21_10,3,cr
img_l1h36.png,bedrooms,3,1,1,memory,new,2,3,2.84482324876969,1023.2266497612,3,0.658376216888428,,0,1,0.5,pilot_21_10,3,cr
img_kzh5g.png,bedrooms,3,6,1,memory,old,1,3,2.56508312280644,1026.49330568314,3,0.822785377502441,,1,1,0.5,pilot_21_10,3,miss
img_28eqs.png,bedrooms,3,1,1,memory,new,2,3,2.64089474794557,1030.00162672997,4,0.813466310501099,,0,1,0.5,pilot_21_10,4,cr
img_fbihy.png,bedrooms,3,2,1,memory,new,2,3,1.2763961232669,1032.14328694344,4,1.60932302474976,,0,1,0.5,pilot_21_10,4,cr
img_vwrot.png,bedrooms,3,7,1,memory,old,1,3,2.8331368690239,1036.6349375248,4,1.37763047218323,,4,1,0.5,pilot_21_10,4,miss
img_bdz92.png,bedrooms,3,4,1,memory,old,1,3,1.88748075848441,1039.95159173012,4,0.988758325576782,,0,1,0.5,pilot_21_10,4,miss
img_l1eln.png,bedrooms,3,7,1,memory,new,2,3,2.0231732043562,1043.00991392136,3,2.20790100097656,,0,1,0.5,pilot_21_10,3,cr
img_su4ip.png,bedrooms,3,6,1,memory,old,1,3,1.96536506733814,1047.22656464577,3,0.785284280776978,,1,1,0.5,pilot_21_10,3,miss
img_46tsn.png,bedrooms,3,7,1,memory,new,2,3,2.59020210178,1050.65155029297,3,1.07812976837158,,0,1,0.5,pilot_21_10,3,cr
img_5yhyk.png,bedrooms,3,2,1,memory,new,2,3,1.81281872561722,1053.5932059288,3,1.25809812545776,,0,1,0.5,pilot_21_10,3,cr
img_sltwe.png,bedrooms,3,5,1,memory,old,1,3,1.7677388601581,1056.66819286346,2,1.21635222434998,,1,1,0.5,pilot_21_10,2,hit
img_juob3.png,bedrooms,3,7,1,memory,old,1,3,1.30381224723519,1059.23484897614,3,1.11355209350586,,0,1,0.5,pilot_21_10,3,miss
img_ilxas.png,bedrooms,3,10,1,memory,old,1,3,1.00994310700205,1061.40983963013,2,0.868850469589233,,0,1,0.5,pilot_21_10,2,hit
img_0eflx.png,bedrooms,3,6,1,memory,new,2,3,1.03593585416587,1063.36816477776,3,1.31120920181274,,0,1,0.5,pilot_21_10,3,cr
img_kkqxu.png,bedrooms,3,10,1,memory,old,1,3,1.24173790151915,1065.97648692131,3,0.987941026687622,,1,1,0.5,pilot_21_10,3,miss
img_n3xxp.png,bedrooms,3,1,1,memory,new,2,3,1.59122805249605,1068.60147452354,4,0.946778535842896,,0,1,0.5,pilot_21_10,4,cr
img_fea1z.png,bedrooms,3,7,1,memory,new,2,3,1.09184337443634,1070.69313263893,3,1.00923132896423,,0,1,0.5,pilot_21_10,3,cr
img_le8uf.png,bedrooms,3,1,1,memory,new,2,3,2.14106128863261,1073.8931183815,2,1.42247557640076,,0,1,0.5,pilot_21_10,2,fa
img_ldof4.png,bedrooms,3,1,1,memory,old,1,3,1.08486063165402,1076.45143961906,2,1.09776329994202,,4,1,0.5,pilot_21_10,2,hit
img_bs3m7.png,bedrooms,3,7,1,memory,new,2,3,1.34810662933001,1078.9430949688,3,1.53363704681396,,0,1,0.5,pilot_21_10,3,cr
img_cust8.png,bedrooms,3,10,1,memory,old,1,3,2.67540870702487,1083.21807479858,4,2.00263023376465,,0,1,0.5,pilot_21_10,4,miss
img_mbdnp.png,bedrooms,3,10,1,memory,old,1,3,1.82279176092787,1087.0930557251,4,3.01353621482849,,0,1,0.5,pilot_21_10,4,miss
img_5k4cy.png,bedrooms,3,9,1,memory,old,1,3,2.45982371060554,1092.61802768707,4,0.785793304443359,,1,1,0.5,pilot_21_10,4,miss
img_jivhq.png,bedrooms,3,2,1,memory,new,2,3,1.35339239117671,1094.80968403816,4,1.22239184379578,,0,1,0.5,pilot_21_10,4,cr
img_kn0we.png,bedrooms,3,7,1,memory,new,2,3,1.13430695005488,1097.21800470352,3,1.69072127342224,,0,1,0.5,pilot_21_10,3,cr
img_izc5x.png,bedrooms,3,9,1,memory,old,1,3,1.65282637323497,1100.60965371132,2,1.18924331665039,,2,1,0.5,pilot_21_10,2,hit
img_2js6m.png,bedrooms,3,2,1,memory,new,2,3,2.35467316209676,1104.19296860695,3,1.80871844291687,,0,1,0.5,pilot_21_10,3,cr
img_6qetq.png,bedrooms,3,6,1,memory,old,1,3,1.75242786361129,1107.80961585045,3,0.75317907333374,,1,1,0.5,pilot_21_10,3,miss
img_d1e9h.png,living_rooms,5,9,1,oddball,old,1,5,2.91993400673592,1184.91746902466,0,3.41993498802185,0,2,1,0.5,pilot_21_10,,
pexels-heyho-6908361_resized.jpg,nontarget,2,0,1,oddball,old,1,5,2.36528935127862,1188.37577795982,0,2.86528992652893,0,0,1,0.5,pilot_21_10,,
img_eh0no.png,living_rooms,5,3,1,oddball,old,1,5,2.3461574458829,1191.28409075737,0,2.8461582660675,0,4,1,0.5,pilot_21_10,,
img_ehnxi.png,living_rooms,5,6,1,oddball,old,1,5,2.66987664187264,1194.17573618889,0,3.16987776756287,0,2,1,0.5,pilot_21_10,,
pexels-heyho-7018243_resized.jpg,nontarget,2,0,1,oddball,old,1,5,1.07926325886026,1197.38404631615,0,1.57926273345947,0,0,1,0.5,pilot_21_10,,
img_il020.png,living_rooms,5,1,1,oddball,old,1,5,1.94405650540312,1199.00903463364,0,2.44405627250671,0,4,1,0.5,pilot_21_10,,
img_ncy2j.png,living_rooms,5,6,1,oddball,old,1,5,2.25198384396467,1201.50068259239,0,2.75198531150818,0,2,1,0.5,pilot_21_10,,
pexels-heyho-7545781_resized.jpg,nontarget,2,0,1,oddball,old,1,5,1.05230030327783,1204.29232907295,0,1.55230283737183,0,0,1,0.5,pilot_21_10,,
img_pna7l.png,living_rooms,5,9,1,oddball,old,1,5,1.42006182952875,1205.88398385048,0,1.92006516456604,0,4,1,0.5,pilot_21_10,,
img_dh5no.png,living_rooms,5,7,1,oddball,old,1,5,2.47388192066749,1207.8506360054,0,2.97388291358948,0,1,1,0.5,pilot_21_10,,
osarugue-igbinoba-JLjnVwVPZMo-unsplash_resized.jpg,target,1,0,1,oddball,old,1,5,1.68404814954176,1210.85894656181,1,0.624954462051392,1,0,1,0.5,pilot_21_10,,
img_vh7v8.png,living_rooms,5,7,1,oddball,old,1,5,2.53571704353465,1214.55058550835,0,3.03571939468384,0,0,1,0.5,pilot_21_10,,
pexels-filirovska-8251006_resized.jpg,target,1,0,1,oddball,old,1,5,1.11782453905371,1217.62556195259,1,0.578464984893799,1,0,1,0.5,pilot_21_10,,
img_g40qa.png,living_rooms,5,10,1,oddball,old,1,5,1.15006670117121,1219.88387870789,0,1.65006732940674,0,0,1,0.5,pilot_21_10,,
pexels-aqsawii-3027016-5951182_resized.jpg,target,1,0,1,oddball,old,1,5,1.93799362273677,1221.56719875336,1,0.804859161376953,1,0,1,0.5,pilot_21_10,,
img_v00yc.png,living_rooms,5,7,1,oddball,old,1,5,1.86709609272146,1224.76717352867,0,2.36709547042847,0,3,1,0.5,pilot_21_10,,
img_njhlh.png,living_rooms,5,4,1,oddball,old,1,5,1.52907728758211,1227.18382167816,0,2.02907633781433,0,2,1,0.5,pilot_21_10,,
pexels-heyho-6969997_resized.jpg,nontarget,2,0,1,oddball,old,1,5,1.15583621769303,1229.25047254562,0,1.65583753585815,0,0,1,0.5,pilot_21_10,,
img_g7pt8.png,living_rooms,5,6,1,oddball,old,1,5,1.30327188645368,1230.95879244804,0,1.80327153205872,0,4,1,0.5,pilot_21_10,,
img_c0ecw.png,living_rooms,5,1,1,oddball,old,1,5,1.5723585642119,1232.80877780914,0,2.07236218452454,0,2,1,0.5,pilot_21_10,,
pexels-heyho-7046006_resized.jpg,nontarget,2,0,1,oddball,old,1,5,1.86139092420611,1234.9170935154,0,2.36139249801636,0,0,1,0.5,pilot_21_10,,
img_5jy9c.png,living_rooms,5,10,1,oddball,old,1,5,1.00981930821762,0.0236170291900635,0,1.50981998443604,0,0,1,0.5,pilot_21_10,,
pexels-kenzero14-21582447_resized.jpg,target,1,0,1,oddball,old,1,5,1.64455689617553,1.57359528541565,0,2.14456057548523,0,0,1,0.5,pilot_21_10,,
img_tv8e2.png,living_rooms,5,6,1,oddball,old,1,5,1.17372123729511,3.77356791496277,0,1.67372608184814,0,0,1,0.5,pilot_21_10,,
pexels-eduschadesoares-5498222_resized.jpg,target,1,0,1,oddball,old,1,5,1.34518729769912,5.48187828063965,0,1.84518957138062,0,0,1,0.5,pilot_21_10,,
img_xib79.png,living_rooms,5,7,1,oddball,old,1,5,1.75923209347807,7.37352013587952,0,2.25923371315002,0,0,1,0.5,pilot_21_10,,
pexels-greta-hoffman-9705830_resized.jpg,target,1,0,1,oddball,old,1,5,1.46025807797069,9.67349052429199,1,0.426772356033325,1,0,1,0.5,pilot_21_10,,
img_15bss.png,living_rooms,5,10,1,oddball,old,1,5,2.58168030829336,13.2901105880737,0,3.08168244361877,0,3,1,0.5,pilot_21_10,,
img_00ojb.png,living_rooms,5,9,1,oddball,old,1,5,1.54816804028947,16.4150695800781,0,2.04817032814026,0,2,1,0.5,pilot_21_10,,
pexels-heyho-6782431_resized.jpg,nontarget,2,0,1,oddball,old,1,5,1.66310526485664,18.4983761310577,0,2.16310667991638,0,0,1,0.5,pilot_21_10,,
img_ra2nm.png,living_rooms,5,6,1,oddball,old,1,5,1.47938158215545,20.7066807746887,0,1.97938418388367,0,4,1,0.5,pilot_21_10,,
img_wbws6.png,living_rooms,5,4,1,oddball,old,1,5,2.95717197995081,22.731653213501,0,3.45717263221741,0,2,1,0.5,pilot_21_10,,
pexels-heyho-7166936_resized.jpg,nontarget,2,0,1,oddball,old,1,5,1.04828505447166,26.2232747077942,0,1.54828429222107,0,0,1,0.5,pilot_21_10,,
img_abobq.png,living_rooms,5,6,1,oddball,old,1,5,2.23815767683135,27.8149209022522,0,2.73815894126892,0,4,1,0.5,pilot_21_10,,
img_6zz63.png,living_rooms,5,9,1,oddball,old,1,5,2.70755479690774,30.5982162952423,0,3.20755553245544,0,1,1,0.5,pilot_21_10,,
osarugue-igbinoba-F1TZZeZ4f4U-unsplash_resized.jpg,target,1,0,1,oddball,old,1,5,1.49752334009845,33.8398406505585,1,0.540073156356812,1,0,1,0.5,pilot_21_10,,
img_53nbn.png,living_rooms,5,6,1,oddball,old,1,5,1.77395616510667,36.6814696788788,0,2.27396035194397,0,0,1,0.5,pilot_21_10,,
pexels-freestocks-1366594_resized.jpg,target,1,0,1,oddball,old,1,5,1.04592824263409,38.9897725582123,1,0.502244472503662,1,0,1,0.5,pilot_21_10,,
img_89dvt.png,living_rooms,5,8,1,oddball,old,1,5,2.82513118365657,42.8563873767853,0,3.32513046264648,0,3,1,0.5,pilot_21_10,,
img_ok82a.png,living_rooms,5,7,1,oddball,old,1,5,1.88526674363831,46.231342792511,0,2.38526821136475,0,2,1,0.5,pilot_21_10,,
pexels-heyho-7166551_resized.jpg,nontarget,2,0,1,oddball,old,1,5,1.03072911247958,48.6563105583191,0,1.53073239326477,0,0,1,0.5,pilot_21_10,,
img_sx68r.png,living_rooms,5,3,1,oddball,old,1,5,1.17649553941532,50.2229566574097,0,1.67649722099304,0,4,1,0.5,pilot_21_10,,
img_37hgm.png,living_rooms,5,6,1,oddball,old,1,5,2.07507795628756,51.9479324817657,0,2.57508254051208,0,1,1,0.5,pilot_21_10,,
pexels-hhaa-16211537_resized.jpg,target,1,0,1,oddball,old,1,5,1.59411293847481,54.5645639896393,1,0.607296943664551,1,0,1,0.5,pilot_21_10,,
img_8297a.png,living_rooms,5,10,1,oddball,old,1,5,2.03259106874113,57.7311887741089,0,2.53259325027466,0,0,1,0.5,pilot_21_10,,
pexels-heyho-6933766_resized.jpg,nontarget,2,0,1,oddball,old,1,5,2.41805836365682,60.2978217601776,0,2.91805911064148,0,0,1,0.5,pilot_21_10,,
img_mdh76.png,living_rooms,5,2,1,oddball,old,1,5,1.52625673475786,63.2644476890564,0,2.02625632286072,0,0,1,0.5,pilot_21_10,,
pexels-fajrinugroho-20489330_resized.jpg,target,1,0,1,oddball,old,1,5,1.65405091220069,65.3310868740082,1,0.496803045272827,1,0,1,0.5,pilot_21_10,,
img_73pyk.png,living_rooms,5,5,1,oddball,old,1,5,1.06176704608246,67.4310586452484,0,1.56176924705505,0,0,1,0.5,pilot_21_10,,
pexels-heyho-7005451_resized.jpg,nontarget,2,0,1,oddball,old,1,5,1.09256117362415,69.0310363769531,0,1.5925624370575,0,0,1,0.5,pilot_21_10,,
img_99exx.png,living_rooms,5,6,1,oddball,old,1,5,1.89032750404841,70.6726813316345,0,2.39032864570618,0,0,1,0.5,pilot_21_10,,
pexels-heyho-6758511_resized.jpg,nontarget,2,0,1,oddball,old,1,5,1.31634232253792,73.0976483821869,0,1.81634664535522,0,0,1,0.5,pilot_21_10,,
img_3sw8t.png,living_rooms,5,5,1,oddball,old,1,5,1.51397451392199,74.9559564590454,0,2.0139753818512,0,0,1,0.5,pilot_21_10,,
pexels-heyho-7031878_resized.jpg,nontarget,2,0,1,oddball,old,1,5,1.11785118922286,77.0059287548065,0,1.61785221099854,0,0,1,0.5,pilot_21_10,,
img_wz6x5.png,living_rooms,5,5,1,oddball,old,1,5,2.13641661585364,78.6725726127625,0,2.63642024993896,0,0,1,0.5,pilot_21_10,,
pexels-heyho-7018822_resized.jpg,nontarget,2,0,1,oddball,old,1,5,2.27632285784265,81.3475360870361,0,2.77632594108582,0,0,1,0.5,pilot_21_10,,
img_wgkqa.png,living_rooms,5,10,1,oddball,old,1,5,1.66370956565748,84.1724977493286,0,2.16371417045593,0,4,1,0.5,pilot_21_10,,
img_cehin.png,living_rooms,5,7,1,oddball,old,1,5,2.88268316655965,86.3808014392853,0,3.38268637657166,0,0,1,0.5,pilot_21_10,,
img_2g129.png,living_rooms,5,9,1,oddball,old,1,5,2.14009823954462,89.8057551383972,0,2.64010286331177,0,2,1,0.5,pilot_21_10,,
pexels-heyho-7061423_resized.jpg,nontarget,2,0,1,oddball,old,1,5,1.54846883393556,92.4807178974152,0,2.04846906661987,0,0,1,0.5,pilot_21_10,,
img_jkm86.png,living_rooms,5,4,1,oddball,old,1,5,1.50974333686841,94.5806889533997,0,2.00974702835083,0,0,1,0.5,pilot_21_10,,
pexels-apasaric-3423860_resized.jpg,target,1,0,1,oddball,old,1,5,1.34127814366701,96.6306602954865,1,0.469338655471802,1,0,1,0.5,pilot_21_10,,
img_fmgjx.png,living_rooms,5,7,1,oddball,old,1,5,1.11650029570146,98.7806317806244,0,1.61650204658508,0,0,1,0.5,pilot_21_10,,
pexels-heyho-7227624_resized.jpg,nontarget,2,0,1,oddball,old,1,5,1.54187665201878,100.430608510971,0,2.04187846183777,0,0,1,0.5,pilot_21_10,,
img_pbsj1.png,living_rooms,5,6,1,oddball,old,1,5,1.25216671875652,102.522246599197,0,1.75216627120972,0,0,1,0.5,pilot_21_10,,
pexels-lifeofnacchi-4124939_resized.jpg,target,1,0,1,oddball,old,1,5,1.9518771289003,104.313889980316,1,0.898082971572876,1,0,1,0.5,pilot_21_10,,
img_iudc4.png,living_rooms,5,6,1,oddball,old,1,5,2.41685181055607,108.163836479187,0,2.91685247421265,0,0,1,0.5,pilot_21_10,,
pexels-heyho-7214446_resized.jpg,nontarget,2,0,1,oddball,old,1,5,1.56430337471033,111.122129678726,0,2.06430625915527,0,0,1,0.5,pilot_21_10,,
img_t3d7r.png,living_rooms,5,10,1,oddball,old,1,5,1.49521134461663,113.23043346405,0,1.99521136283875,0,0,1,0.5,pilot_21_10,,
osarugue-igbinoba-TLjCumU0IC8-unsplash_resized.jpg,target,1,0,1,oddball,old,1,5,1.07675819963207,115.263738393784,1,0.620213508605957,1,0,1,0.5,pilot_21_10,,
img_3jnt7.png,living_rooms,5,3,1,oddball,old,1,5,1.03596525767943,117.447042226791,0,1.53596663475037,0,3,1,0.5,pilot_21_10,,
img_j856a.png,living_rooms,5,2,1,oddball,old,1,5,2.08132334190589,119.030353784561,0,2.5813250541687,0,0,1,0.5,pilot_21_10,,
img_bbs77.png,living_rooms,5,2,1,oddball,old,1,5,1.34018102470038,121.655317306519,0,1.8401837348938,0,0,1,0.5,pilot_21_10,,
img_314bq.png,living_rooms,5,2,1,oddball,old,1,5,2.9712657575331,123.538625001907,0,3.47126889228821,0,1,1,0.5,pilot_21_10,,
pexels-artur-u-3061628-9074447_resized.jpg,target,1,0,1,oddball,old,1,5,2.92655968632367,127.046909570694,1,0.540974378585815,1,0,1,0.5,pilot_21_10,,
img_4td0x.png,living_rooms,5,10,1,oddball,old,1,5,1.14303465187753,129.263545274734,0,1.64303660392761,0,0,1,0.5,pilot_21_10,,
pexels-ian-panelo-7451955_resized.jpg,target,1,0,1,oddball,old,1,5,2.81803660488637,130.946856021881,1,0.497039794921875,1,0,1,0.5,pilot_21_10,,
img_cic06.png,living_rooms,5,9,1,oddball,old,1,5,1.33514624623229,133.321822881699,0,1.83514809608459,0,0,1,0.5,pilot_21_10,,
pexels-ian-panelo-7451961_resized.jpg,target,1,0,1,oddball,old,1,5,1.24009252275533,135.196796417236,1,0.69510555267334,1,0,1,0.5,pilot_21_10,,
img_ji4iw.png,living_rooms,5,8,1,oddball,old,1,5,2.43584405779231,138.855079889297,1,1.01279091835022,1,3,1,0.5,pilot_21_10,,
img_qgyas.png,living_rooms,5,6,1,oddball,old,1,5,1.07818582547269,141.480042934418,0,1.57819008827209,0,1,1,0.5,pilot_21_10,,
pexels-chuck-15491800_resized.jpg,target,1,0,1,oddball,old,1,5,2.82172715139938,143.09668636322,1,0.547135591506958,1,0,1,0.5,pilot_21_10,,
img_tbs4n.png,living_rooms,5,7,1,oddball,old,1,5,2.479124172116,146.654969215393,0,2.9791247844696,0,0,1,0.5,pilot_21_10,,
pexels-heyho-7031882_resized.jpg,nontarget,2,0,1,oddball,old,1,5,1.14651491058903,149.67159485817,0,1.64651417732239,0,0,1,0.5,pilot_21_10,,
img_oimxl.png,living_rooms,5,6,1,oddball,old,1,5,1.14720545101102,151.363237380981,0,1.64720749855042,0,4,1,0.5,pilot_21_10,,
img_ztfay.png,living_rooms,5,6,1,memory,new,2,5,1.68393183386267,154.72985625267,3,6.48401069641113,,0,1,0.5,pilot_21_10,3,cr
img_iudc4.png,living_rooms,5,6,1,memory,old,1,5,1.79539779010753,163.063072681427,2,1.41409516334534,,0,1,0.5,pilot_21_10,2,hit
img_vad83.png,living_rooms,5,7,1,memory,new,2,5,1.43357915556044,165.954698801041,3,0.985819101333618,,0,1,0.5,pilot_21_10,3,cr
img_qz292.png,living_rooms,5,7,1,memory,new,2,5,1.83948115562509,168.829657077789,3,0.919911861419678,,0,1,0.5,pilot_21_10,3,cr
img_lpr0l.png,living_rooms,5,7,1,memory,new,2,5,1.03925821282632,170.837962865829,3,1.03067302703857,,0,1,0.5,pilot_21_10,3,cr
img_njhlh.png,living_rooms,5,4,1,memory,old,1,5,1.20152918969256,173.121263504028,1,1.7059953212738,,2,1,0.5,pilot_21_10,1,hit
img_9oofc.png,living_rooms,5,8,1,memory,new,2,5,1.16833029594562,176.054554700851,2,1.10329413414001,,0,1,0.5,pilot_21_10,2,fa
img_c0ecw.png,living_rooms,5,1,1,memory,old,1,5,2.59410108641662,179.804501771927,2,1.58016705513,,2,1,0.5,pilot_21_10,2,hit
img_bendp.png,living_rooms,5,7,1,memory,new,2,5,1.51111413345584,182.946123838425,2,0.744498014450073,,0,1,0.5,pilot_21_10,2,fa
img_j73b6.png,living_rooms,5,1,1,memory,new,2,5,1.47818987099343,185.22109079361,2,0.697227239608765,,0,1,0.5,pilot_21_10,2,fa
img_6wne4.png,living_rooms,5,1,1,memory,new,2,5,1.05086670654789,187.021064519882,3,1.829585313797,,0,1,0.5,pilot_21_10,3,cr
img_cehin.png,living_rooms,5,7,1,memory,old,1,5,1.49107952733297,190.387683868408,2,0.929450988769531,,0,1,0.5,pilot_21_10,2,hit
img_ji4iw.png,living_rooms,5,8,1,memory,old,1,5,2.70782798831547,194.062630653381,2,0.731943368911743,,3,1,0.5,pilot_21_10,2,hit
img_i2l9a.png,living_rooms,5,1,1,memory,new,2,5,1.09727718185749,195.937603235245,4,1.01178979873657,,0,1,0.5,pilot_21_10,4,cr
img_b3fi1.png,living_rooms,5,6,1,memory,new,2,5,1.82774289150699,198.829228639603,3,1.62444829940796,,0,1,0.5,pilot_21_10,3,cr
img_a3jds.png,living_rooms,5,8,1,memory,new,2,5,1.32659531224651,201.837518453598,3,0.903737545013428,,0,1,0.5,pilot_21_10,3,cr
img_mdh76.png,living_rooms,5,2,1,memory,old,1,5,2.02536289986683,204.820809841156,3,1.09716105461121,,0,1,0.5,pilot_21_10,3,miss
img_xib79.png,living_rooms,5,7,1,memory,old,1,5,1.51590310237178,207.487437725067,2,1.18941617012024,,0,1,0.5,pilot_21_10,2,hit
img_x4bln.png,living_rooms,5,7,1,memory,new,2,5,1.39897216067992,210.120732545853,2,3.49776339530945,,0,1,0.5,pilot_21_10,2,fa
img_5jy9c.png,living_rooms,5,10,1,memory,old,1,5,1.20376875704026,214.870664834976,1,1.2362802028656,,0,1,0.5,pilot_21_10,1,hit
img_jkm86.png,living_rooms,5,4,1,memory,old,1,5,2.5808632737439,218.737275838852,3,1.13255715370178,,0,1,0.5,pilot_21_10,3,miss
img_lzz3x.png,living_rooms,5,1,1,memory,new,2,5,1.57007093890116,221.487235784531,3,0.660821199417114,,0,1,0.5,pilot_21_10,3,cr
img_sx68r.png,living_rooms,5,3,1,memory,old,1,5,1.16067471853726,223.353875637054,2,0.878241300582886,,4,1,0.5,pilot_21_10,2,hit
img_i64cx.png,living_rooms,5,7,1,memory,new,2,5,1.44482673035025,225.720507860184,2,2.95304012298584,,0,1,0.5,pilot_21_10,2,fa
img_wbws6.png,living_rooms,5,4,1,memory,old,1,5,1.46278207872726,230.187109470367,3,2.4814133644104,,2,1,0.5,pilot_21_10,3,miss
img_2g129.png,living_rooms,5,9,1,memory,old,1,5,1.1405696612863,233.853722572327,2,0.842250347137451,,2,1,0.5,pilot_21_10,2,hit
img_dh5no.png,living_rooms,5,7,1,memory,old,1,5,1.1930745578533,235.945358991623,2,0.89703893661499,,1,1,0.5,pilot_21_10,2,hit
img_x827l.png,living_rooms,5,7,1,memory,new,2,5,1.5531739778969,238.445321559906,2,0.923554420471191,,0,1,0.5,pilot_21_10,2,fa
img_r4bih.png,living_rooms,5,7,1,memory,new,2,5,1.53919704874554,240.953616857529,2,0.859866142272949,,0,1,0.5,pilot_21_10,2,fa
img_2qhro.png,living_rooms,5,8,1,memory,new,2,5,1.68980661156354,243.55357670784,2,0.915514230728149,,0,1,0.5,pilot_21_10,2,fa
img_4td0x.png,living_rooms,5,10,1,memory,old,1,5,2.87635496541888,247.395185709,3,1.5031361579895,,0,1,0.5,pilot_21_10,3,miss
img_9684y.png,living_rooms,5,7,1,memory,new,2,5,2.62006448951224,251.570121765137,3,0.836018085479736,,0,1,0.5,pilot_21_10,3,cr
img_t3d7r.png,living_rooms,5,10,1,memory,old,1,5,1.78519737507675,254.245081424713,3,1.28510046005249,,0,1,0.5,pilot_21_10,3,miss
img_c89x3.png,living_rooms,5,6,1,memory,new,2,5,1.1831436155234,256.753376483917,2,0.815482378005981,,0,1,0.5,pilot_21_10,2,fa
img_6iqem.png,living_rooms,5,6,1,memory,new,2,5,1.08068142131266,258.686680793762,3,0.939987182617188,,0,1,0.5,pilot_21_10,3,cr
img_00ojb.png,living_rooms,5,9,1,memory,old,1,5,1.11667080877342,260.794981718063,3,1.01855826377869,,2,1,0.5,pilot_21_10,3,miss
img_vh7v8.png,living_rooms,5,7,1,memory,old,1,5,2.54849440349533,264.411593675613,3,0.728539228439331,,0,1,0.5,pilot_21_10,3,miss
img_xy930.png,living_rooms,5,6,1,memory,new,2,5,2.67011105516852,267.853208780289,3,1.64793419837952,,0,1,0.5,pilot_21_10,3,cr
img_65zmd.png,living_rooms,5,6,1,memory,new,2,5,2.52144040417308,272.06981086731,2,0.98376202583313,,0,1,0.5,pilot_21_10,2,fa
img_qgyas.png,living_rooms,5,6,1,memory,old,1,5,1.13277691350823,274.236444473267,2,0.720077514648438,,1,1,0.5,pilot_21_10,2,hit
img_99exx.png,living_rooms,5,6,1,memory,old,1,5,1.91318055170204,276.919736623764,2,0.692142248153687,,0,1,0.5,pilot_21_10,2,hit
img_ok82a.png,living_rooms,5,7,1,memory,old,1,5,1.64273209374092,279.30303478241,2,1.09367418289185,,2,1,0.5,pilot_21_10,2,hit
img_jcisc.png,living_rooms,5,7,1,memory,new,2,5,2.10556643591789,282.552984714508,3,1.09423327445984,,0,1,0.5,pilot_21_10,3,cr
img_g7pt8.png,living_rooms,5,6,1,memory,old,1,5,1.17259074768537,284.869616270065,3,2.01445269584656,,4,1,0.5,pilot_21_10,3,miss
img_314bq.png,living_rooms,5,2,1,memory,old,1,5,1.30995531436326,288.244564533234,2,1.25389432907104,,1,1,0.5,pilot_21_10,2,hit
img_d1e9h.png,living_rooms,5,9,1,memory,old,1,5,1.47524494715125,291.027855634689,3,1.02925038337708,,2,1,0.5,pilot_21_10,3,miss
img_tv8e2.png,living_rooms,5,6,1,memory,old,1,5,2.16697001790191,294.277806758881,4,1.47899222373962,,0,1,0.5,pilot_21_10,4,miss
img_pna7l.png,living_rooms,5,9,1,memory,old,1,5,1.94551635084522,297.74442076683,1,1.58684825897217,,4,1,0.5,pilot_21_10,1,hit
img_37hgm.png,living_rooms,5,6,1,memory,old,1,5,1.45752179977447,300.827706813812,1,1.16550612449646,,1,1,0.5,pilot_21_10,1,hit
img_8i3q8.png,living_rooms,5,8,1,memory,new,2,5,1.70917358542309,303.752661466599,3,1.03114342689514,,0,1,0.5,pilot_21_10,3,cr
img_53nbn.png,living_rooms,5,6,1,memory,old,1,5,1.37249802982004,306.202624320984,2,0.80431866645813,,0,1,0.5,pilot_21_10,2,hit
img_15bss.png,living_rooms,5,10,1,memory,old,1,5,1.26905543032186,308.327592611313,3,1.39379620552063,,3,1,0.5,pilot_21_10,3,miss
img_hc49v.png,living_rooms,5,6,1,memory,new,2,5,1.02813565559266,310.80255484581,3,1.35209107398987,,0,1,0.5,pilot_21_10,3,cr
img_e44sl.png,living_rooms,5,8,1,memory,new,2,5,1.14090370321379,313.34418296814,3,0.905626058578491,,0,1,0.5,pilot_21_10,3,cr
img_g13d5.png,living_rooms,5,6,1,memory,new,2,5,1.22602774409529,315.527482509613,3,0.847355365753174,,0,1,0.5,pilot_21_10,3,cr
img_6xg4l.png,living_rooms,5,8,1,memory,new,2,5,2.12604561907511,318.552436351776,3,1.01109862327576,,0,1,0.5,pilot_21_10,3,cr
img_rych7.png,living_rooms,5,2,1,memory,new,2,5,1.61836619215419,321.235730886459,3,1.11192798614502,,0,1,0.5,pilot_21_10,3,cr
img_cic06.png,living_rooms,5,9,1,memory,old,1,5,1.01266806921313,323.410698890686,2,0.674229145050049,,0,1,0.5,pilot_21_10,2,hit
img_wgkqa.png,living_rooms,5,10,1,memory,old,1,5,2.33778433526476,326.46898651123,2,0.85758638381958,,4,1,0.5,pilot_21_10,2,hit
img_8dmpq.png,living_rooms,5,2,1,memory,new,2,5,1.22409194368653,328.593954563141,3,0.755953311920166,,0,1,0.5,pilot_21_10,3,cr
img_753pq.png,living_rooms,5,6,1,memory,new,2,5,2.37971686857344,331.777240753174,2,0.975463151931763,,0,1,0.5,pilot_21_10,2,fa
img_ehnxi.png,living_rooms,5,6,1,memory,old,1,5,1.26336481067295,334.068874120712,2,0.799335718154907,,2,1,0.5,pilot_21_10,2,hit
img_o9czo.png,living_rooms,5,6,1,memory,new,2,5,1.17181835323948,336.09384226799,2,0.899532556533813,,0,1,0.5,pilot_21_10,2,fa
img_kt81t.png,living_rooms,5,6,1,memory,new,2,5,1.10519803475046,338.143812894821,2,0.775039911270142,,0,1,0.5,pilot_21_10,2,fa
img_8297a.png,living_rooms,5,10,1,memory,old,1,5,2.34415038587898,341.310431480408,2,0.723454475402832,,0,1,0.5,pilot_21_10,2,hit
img_j856a.png,living_rooms,5,2,1,memory,old,1,5,1.31602537061358,343.385400533676,3,1.15464544296265,,0,1,0.5,pilot_21_10,3,miss
img_89dvt.png,living_rooms,5,8,1,memory,old,1,5,1.43634519254783,346.027027845383,3,1.02639818191528,,3,1,0.5,pilot_21_10,3,miss
img_6zz63.png,living_rooms,5,9,1,memory,old,1,5,1.27310696106014,348.376992464066,3,1.60395646095276,,1,1,0.5,pilot_21_10,3,miss
img_b17ma.png,living_rooms,5,1,1,memory,new,2,5,2.56874444954503,352.601928710938,4,0.758471250534058,,0,1,0.5,pilot_21_10,4,cr
img_bbs77.png,living_rooms,5,2,1,memory,old,1,5,1.0518314951807,354.468567609787,4,1.32710337638855,,0,1,0.5,pilot_21_10,4,miss
img_k0m56.png,living_rooms,5,6,1,memory,new,2,5,1.07848230367264,356.926863431931,4,0.900873422622681,,0,1,0.5,pilot_21_10,4,cr
img_b21d7.png,living_rooms,5,1,1,memory,new,2,5,1.12844996570111,359.010166406631,4,1.00384259223938,,0,1,0.5,pilot_21_10,4,cr
img_qrc78.png,living_rooms,5,7,1,memory,new,2,5,2.09865811217643,362.160118818283,2,0.959076166152954,,0,1,0.5,pilot_21_10,2,fa
img_of8d6.png,living_rooms,5,1,1,memory,new,2,5,1.91189197573533,365.085074663162,2,1.67473530769348,,0,1,0.5,pilot_21_10,2,fa
img_wz6x5.png,living_rooms,5,5,1,memory,old,1,5,1.28231711915724,368.085029363632,2,0.812897443771362,,0,1,0.5,pilot_21_10,2,hit
img_c0vzo.png,living_rooms,5,1,1,memory,new,2,5,1.86201439174297,370.809988498688,4,0.833444356918335,,0,1,0.5,pilot_21_10,4,cr
img_6vta6.png,living_rooms,5,8,1,memory,new,2,5,1.89222205995644,373.584946393967,2,1.66759753227234,,0,1,0.5,pilot_21_10,2,fa
img_tbs4n.png,living_rooms,5,7,1,memory,old,1,5,1.5423651255232,376.851564407349,3,1.21068358421326,,0,1,0.5,pilot_21_10,3,miss
img_v00yc.png,living_rooms,5,7,1,memory,old,1,5,2.52483883606682,380.634840726852,2,0.86613130569458,,3,1,0.5,pilot_21_10,2,hit
img_gnmb6.png,living_rooms,5,7,1,memory,new,2,5,2.48407699488797,384.034789323807,3,0.86567759513855,,0,1,0.5,pilot_21_10,3,cr
img_pbsj1.png,living_rooms,5,6,1,memory,old,1,5,1.1637649354325,386.109758615494,3,0.698248386383057,,0,1,0.5,pilot_21_10,3,miss
img_3jnt7.png,living_rooms,5,3,1,memory,old,1,5,2.84522951198576,389.693037986755,2,1.3827338218689,,3,1,0.5,pilot_21_10,2,hit
img_eh0no.png,living_rooms,5,3,1,memory,old,1,5,1.66101587226047,392.784657239914,3,1.1564667224884,,4,1,0.5,pilot_21_10,3,miss
img_81nb0.png,living_rooms,5,1,1,memory,new,2,5,1.85354667480881,395.84294462204,4,2.24914336204529,,0,1,0.5,pilot_21_10,4,cr
img_abobq.png,living_rooms,5,6,1,memory,old,1,5,2.38709396377526,400.526206254959,3,1.19801568984985,,4,1,0.5,pilot_21_10,3,miss
img_4974k.png,living_rooms,5,7,1,memory,new,2,5,1.20155491318279,402.976170063019,3,0.852150917053223,,0,1,0.5,pilot_21_10,3,cr
img_jpldg.png,living_rooms,5,7,1,memory,new,2,5,1.27789073655263,405.159469127655,3,0.781999826431274,,0,1,0.5,pilot_21_10,3,cr
img_73pyk.png,living_rooms,5,5,1,memory,old,1,5,1.53332454764806,407.526100873947,3,0.917904138565063,,0,1,0.5,pilot_21_10,3,miss
img_nb8p4.png,living_rooms,5,1,1,memory,new,2,5,2.26455912958932,410.759384632111,3,1.26625037193298,,0,1,0.5,pilot_21_10,3,cr
img_g40qa.png,living_rooms,5,10,1,memory,old,1,5,1.30746292667274,413.37601184845,3,0.822581052780151,,0,1,0.5,pilot_21_10,3,miss
img_fmgjx.png,living_rooms,5,7,1,memory,old,1,5,1.22231310674673,415.467646360397,3,0.763179540634155,,0,1,0.5,pilot_21_10,3,miss
img_lo6c4.png,living_rooms,5,1,1,memory,new,2,5,2.03706592575489,418.317603588104,3,4.98270845413208,,0,1,0.5,pilot_21_10,3,cr
img_lgxzn.png,living_rooms,5,6,1,memory,new,2,5,1.98969392392242,425.334162950516,3,0.774384021759033,,0,1,0.5,pilot_21_10,3,cr
img_ncy2j.png,living_rooms,5,6,1,memory,old,1,5,1.08350628332507,427.242466449738,2,1.62696957588196,,2,1,0.5,pilot_21_10,2,hit
img_il020.png,living_rooms,5,1,1,memory,old,1,5,2.70232718221431,431.625733613968,2,0.962284326553345,,4,1,0.5,pilot_21_10,2,hit
img_i6wsx.png,living_rooms,5,7,1,memory,new,2,5,2.58421991848376,435.225678920746,3,0.891824960708618,,0,1,0.5,pilot_21_10,3,cr
img_oimxl.png,living_rooms,5,6,1,memory,old,1,5,1.59153091444251,437.767305612564,2,1.13872838020325,,4,1,0.5,pilot_21_10,2,hit
img_xbtev.png,living_rooms,5,1,1,memory,new,2,5,1.85240557914994,440.800592899323,3,1.55227398872375,,0,1,0.5,pilot_21_10,3,cr
img_ra2nm.png,living_rooms,5,6,1,memory,old,1,5,1.15861709123137,443.567216873169,3,1.02407312393188,,4,1,0.5,pilot_21_10,3,miss
img_9ugw8.png,living_rooms,5,6,1,memory,new,2,5,1.9865738082531,1.99918079376221,4,7.96733522415161,,0,1,0.5,pilot_21_10,4,cr
img_gka64.png,living_rooms,5,1,1,memory,new,2,5,2.89999056806373,12.9084007740021,3,2.22703313827515,,0,1,0.5,pilot_21_10,3,cr
img_3sw8t.png,living_rooms,5,5,1,memory,old,1,5,1.59227201300076,16.7837102413177,3,0.730293750762939,,0,1,0.5,pilot_21_10,3,miss
img_a9he3.png,living_rooms,5,8,2,oddball,old,1,6,1.79553058785815,46.9527115821838,0,2.29553127288818,0,2,1,0.5,pilot_21_10,,
pexels-swed-standard-1308234756-27629443_resized.jpg,nontarget,2,0,2,oddball,old,1,6,1.20741130521681,49.2862186431885,0,1.70741128921509,0,0,1,0.5,pilot_21_10,,
img_qdln8.png,living_rooms,5,9,2,oddball,old,1,6,1.50302969832604,51.0446839332581,0,2.00303101539612,0,0,1,0.5,pilot_21_10,,
pexels-heyho-7546320_resized.jpg,nontarget,2,0,2,oddball,old,1,6,2.38687357787459,53.0865020751953,0,2.88687682151794,0,0,1,0.5,pilot_21_10,,
img_9wmp8.png,living_rooms,5,10,2,oddball,old,1,6,1.86180686885602,56.0200517177582,0,2.36180710792542,0,0,1,0.5,pilot_21_10,,
pexels-itsterrymag-2988865_resized.jpg,nontarget,2,0,2,oddball,old,1,6,1.62952704321193,58.4202287197113,0,2.12952828407288,0,0,1,0.5,pilot_21_10,,
img_pjfx6.png,living_rooms,5,2,2,oddball,old,1,6,1.70467051837129,60.5870535373688,0,2.20466947555542,0,0,1,0.5,pilot_21_10,,
pexels-planka-28907758_resized.jpg,target,1,0,2,oddball,old,1,6,1.13322306837567,62.8372180461884,1,0.405478000640869,1,0,1,0.5,pilot_21_10,,
img_wgddx.png,living_rooms,5,3,2,oddball,old,1,6,1.13708397327631,65.0123760700226,0,1.63708686828613,0,3,1,0.5,pilot_21_10,,
img_xr3up.png,living_rooms,5,7,2,oddball,old,1,6,2.20908763380848,66.6874952316284,0,2.70908761024475,0,0,1,0.5,pilot_21_10,,
img_5mw7y.png,living_rooms,5,6,2,oddball,old,1,6,2.114474478426,69.4460275173187,0,2.61447548866272,0,2,1,0.5,pilot_21_10,,
pexels-rana-matloob-hussain-733235258-26886816_resized.jpg,nontarget,2,0,2,oddball,old,1,6,1.64924551028804,72.0962176322937,0,2.14924836158752,0,0,1,0.5,pilot_21_10,,
img_kf7vw.png,living_rooms,5,8,2,oddball,old,1,6,1.70500572812239,74.2963738441467,0,2.20500802993774,0,0,1,0.5,pilot_21_10,,
pexels-noviana-28670063_resized.jpg,target,1,0,2,oddball,old,1,6,1.20981995602584,76.5381999015808,1,0.561727046966553,1,0,1,0.5,pilot_21_10,,
img_3ze38.png,living_rooms,5,2,2,oddball,old,1,6,1.05046050237748,78.6800177097321,0,1.55046224594116,0,0,1,0.5,pilot_21_10,,
pexels-heyho-8143713_resized.jpg,nontarget,2,0,2,oddball,old,1,6,1.735981410992,80.2717967033386,0,2.23598217964172,0,0,1,0.5,pilot_21_10,,
img_g9od8.png,living_rooms,5,4,2,oddball,old,1,6,1.46645366119042,82.5552899837494,0,1.96645784378052,0,4,1,0.5,pilot_21_10,,
img_v771n.png,living_rooms,5,1,2,oddball,old,1,6,1.05046090665658,84.5637633800507,0,1.55046463012695,0,2,1,0.5,pilot_21_10,,
pexels-jvdm-1599790_resized.jpg,nontarget,2,0,2,oddball,old,1,6,1.84674229181749,86.1555399894714,0,2.34674692153931,0,0,1,0.5,pilot_21_10,,
img_8jy3h.png,living_rooms,5,7,2,oddball,old,1,6,2.46836238917497,88.5473721027374,0,2.96836590766907,0,0,1,0.5,pilot_21_10,,
pexels-heyho-8141966_resized.jpg,nontarget,2,0,2,oddball,old,1,6,1.20761637672895,91.5559136867523,0,1.70761513710022,0,0,1,0.5,pilot_21_10,,
img_amsgw.png,living_rooms,5,9,2,oddball,old,1,6,1.33420353109477,93.3143663406372,0,1.83420252799988,0,0,1,0.5,pilot_21_10,,
pexels-yess-nakrani-264147511-18139921_resized.jpg,target,1,0,2,oddball,old,1,6,2.12812695738227,95.1894955635071,1,0.608013391494751,1,0,1,0.5,pilot_21_10,,
img_vgh2g.png,living_rooms,5,10,2,oddball,old,1,6,2.17089443425324,98.4980537891388,0,2.67089915275574,0,3,1,0.5,pilot_21_10,,
img_196rk.png,living_rooms,5,9,2,oddball,old,1,6,1.26418705308733,101.214903831482,0,1.76419019699097,0,0,1,0.5,pilot_21_10,,
img_tujn3.png,living_rooms,5,8,2,oddball,old,1,6,1.33343319431393,103.023358821869,0,1.83343410491943,0,1,1,0.5,pilot_21_10,,
ravi-sharma-HJ8Pptkz0Gk-unsplash_resized.jpg,target,1,0,2,oddball,old,1,6,2.27004654612679,104.898484945297,1,0.563701868057251,1,0,1,0.5,pilot_21_10,,
img_j4ttn.png,living_rooms,5,1,2,oddball,old,1,6,1.54864893129333,107.540327787399,0,2.04865217208862,0,0,1,0.5,pilot_21_10,,
pexels-violetta-ramonaite-3104880-6865456 (1)_resized.jpg,target,1,0,2,oddball,old,1,6,1.60272464366008,109.632132291794,1,0.566508531570435,1,0,1,0.5,pilot_21_10,,
img_hfte7.png,living_rooms,5,10,2,oddball,old,1,6,1.09972805740011,111.832278251648,0,1.59973073005676,0,3,1,0.5,pilot_21_10,,
img_pdzf1.png,living_rooms,5,9,2,oddball,old,1,6,1.60374195580537,113.48238658905,0,2.10374641418457,0,1,1,0.5,pilot_21_10,,
pexels-ryutaro-5473023_resized.jpg,target,1,0,2,oddball,old,1,6,1.14211421246738,115.624193906784,1,0.630918979644775,1,0,1,0.5,pilot_21_10,,
img_n42jt.png,living_rooms,5,10,2,oddball,old,1,6,1.54611362659481,118.332704782486,0,2.04611325263977,0,3,1,0.5,pilot_21_10,,
img_hbemf.png,living_rooms,5,9,2,oddball,old,1,6,1.36668305873844,120.424507141113,0,1.86668586730957,0,2,1,0.5,pilot_21_10,,
pexels-vika-glitter-392079-3315291_resized.jpg,nontarget,2,0,2,oddball,old,1,6,1.8510955730899,122.332963943481,0,2.35109710693359,0,0,1,0.5,pilot_21_10,,
img_ohtbu.png,living_rooms,5,1,2,oddball,old,1,6,1.93955721754572,124.733119010925,0,2.43955898284912,0,4,1,0.5,pilot_21_10,,
img_s1t24.png,living_rooms,5,10,2,oddball,old,1,6,1.30243327804298,127.216610908508,0,1.80243706703186,0,0,1,0.5,pilot_21_10,,
img_n7qvz.png,living_rooms,5,6,2,oddball,old,1,6,2.59517101950345,129.058394670486,0,3.09517431259155,0,0,1,0.5,pilot_21_10,,
img_bj99b.png,living_rooms,5,8,2,oddball,old,1,6,1.13430147318779,132.200260400772,0,1.63430261611938,0,1,1,0.5,pilot_21_10,,
pexels-wellington-fernandes-319600131-30505134_resized.jpg,target,1,0,2,oddball,old,1,6,1.18025321330053,133.875366210938,1,0.52509069442749,1,0,1,0.5,pilot_21_10,,
img_1zhz6.png,living_rooms,5,3,2,oddball,old,1,6,1.78904311783689,136.717212677002,0,2.28904414176941,0,0,1,0.5,pilot_21_10,,
point3d-commercial-imaging-ltd-2X9H1lD_k2Q-unsplash_resized.jpg,nontarget,2,0,2,oddball,old,1,6,1.05471725429571,139.042357683182,0,1.55472016334534,0,0,1,0.5,pilot_21_10,,
img_7f11q.png,living_rooms,5,8,2,oddball,old,1,6,1.2575074532313,140.642457962036,0,1.75751090049744,0,0,1,0.5,pilot_21_10,,
retail-1424043_1920_resized.jpg,target,1,0,2,oddball,old,1,6,2.09318825924464,142.442569494247,1,0.638562440872192,1,0,1,0.5,pilot_21_10,,
img_9bkl9.png,living_rooms,5,3,2,oddball,old,1,6,1.54932105359136,145.15940451622,0,2.04932546615601,0,0,1,0.5,pilot_21_10,,
raymond-yeung-y0yYZ21XCuQ-unsplash_resized.jpg,target,1,0,2,oddball,old,1,6,1.70523336866698,147.251199483871,1,0.542236566543579,1,0,1,0.5,pilot_21_10,,
img_6vila.png,living_rooms,5,8,2,oddball,old,1,6,2.16412480624204,150.484730482101,0,2.66412448883057,0,3,1,0.5,pilot_21_10,,
img_r10cu.png,living_rooms,5,7,2,oddball,old,1,6,2.83105579394993,153.193228721619,0,3.331059217453,0,2,1,0.5,pilot_21_10,,
phil-hearing-U7PitHRnTNU-unsplash_resized.jpg,nontarget,2,0,2,oddball,old,1,6,1.54665766359131,156.560100078583,0,2.04666185379028,0,0,1,0.5,pilot_21_10,,
img_py7rq.png,living_rooms,5,7,2,oddball,old,1,6,1.18646224179439,158.651891708374,0,1.68646621704102,0,0,1,0.5,pilot_21_10,,
pexels-violetta-ramonaite-3104880-6715531_resized.jpg,target,1,0,2,oddball,old,1,6,1.6171632756127,160.376994848251,1,0.529356002807617,1,0,1,0.5,pilot_21_10,,
img_62xpv.png,living_rooms,5,8,2,oddball,old,1,6,2.41653464341323,163.852201700211,0,2.91653513908386,0,0,1,0.5,pilot_21_10,,
phil-aicken-o3Qcn8dptnE-unsplash_resized.jpg,target,1,0,2,oddball,old,1,6,1.61114445526969,166.810710668564,1,0.47214937210083,1,0,1,0.5,pilot_21_10,,
img_3m61b.png,living_rooms,5,8,2,oddball,old,1,6,1.36439087258323,169.210851669312,0,1.8643913269043,0,0,1,0.5,pilot_21_10,,
pexels-pixabay-358592_resized.jpg,nontarget,2,0,2,oddball,old,1,6,2.07314903384903,171.119296550751,0,2.57315135002136,0,0,1,0.5,pilot_21_10,,
img_0kqc0.png,living_rooms,5,2,2,oddball,old,1,6,1.45270014250036,173.74444937706,0,1.9527006149292,0,4,1,0.5,pilot_21_10,,
img_o30wb.png,living_rooms,5,8,2,oddball,old,1,6,1.2126368785508,175.744566917419,0,1.71263599395752,0,2,1,0.5,pilot_21_10,,
pexels-heyho-8134822_resized.jpg,nontarget,2,0,2,oddball,old,1,6,2.44352563947014,177.494667768478,0,2.94352507591248,0,0,1,0.5,pilot_21_10,,
img_24rt2.png,living_rooms,5,3,2,oddball,old,1,6,1.99437623684821,180.486506223679,0,2.49437975883484,0,4,1,0.5,pilot_21_10,,
img_geavj.png,living_rooms,5,8,2,oddball,old,1,6,1.24841032781802,183.02831864357,0,1.74841332435608,0,1,1,0.5,pilot_21_10,,
pexels-ryutaro-5473030_resized.jpg,target,1,0,2,oddball,old,1,6,1.7009611795117,184.820088386536,1,0.527965545654297,1,0,1,0.5,pilot_21_10,,
img_1iam9.png,living_rooms,5,2,2,oddball,old,1,6,2.3477151111224,188.220280647278,0,2.84771418571472,0,3,1,0.5,pilot_21_10,,
img_w8jfk.png,living_rooms,5,10,2,oddball,old,1,6,1.23202556992436,191.112109661102,0,1.73202919960022,0,2,1,0.5,pilot_21_10,,
pexels-pixabay-262005_resized.jpg,nontarget,2,0,2,oddball,old,1,6,2.04529825226538,192.887208938599,0,2.54529905319214,0,0,1,0.5,pilot_21_10,,
img_zxvl3.png,living_rooms,5,5,2,oddball,old,1,6,1.65450329662441,195.479021072388,0,2.15450286865234,0,0,1,0.5,pilot_21_10,,
pexels-zvolskiy-2386152_resized.jpg,target,1,0,2,oddball,old,1,6,1.95757311712158,197.670809030533,1,0.606132984161377,1,0,1,0.5,pilot_21_10,,
img_pey7u.png,living_rooms,5,1,2,oddball,old,1,6,2.79293887259972,201.604356527328,0,3.29293847084045,0,0,1,0.5,pilot_21_10,,
pexels-violetta-ramonaite-3104880-6865456_resized.jpg,target,1,0,2,oddball,old,1,6,1.17903658903747,204.937871217728,1,0.579637765884399,1,0,1,0.5,pilot_21_10,,
img_xe6fa.png,living_rooms,5,7,2,oddball,old,1,6,1.50721798950095,207.554679393768,0,2.00722146034241,0,0,1,0.5,pilot_21_10,,
pexels-heyho-7587746_resized.jpg,nontarget,2,0,2,oddball,old,1,6,1.54808604239868,209.604788780212,0,2.04808807373047,0,0,1,0.5,pilot_21_10,,
img_t2bng.png,living_rooms,5,10,2,oddball,old,1,6,1.6329635444213,0.0243532657623291,0,2.13296270370483,0,0,1,0.5,pilot_21_10,,
pexels-markus-winkler-1430818-12081286_resized.jpg,target,1,0,2,oddball,old,1,6,1.57774569099698,2.19944286346436,1,1.28048729896545,1,0,1,0.5,pilot_21_10,,
img_5tr4v.png,living_rooms,5,4,2,oddball,old,1,6,1.56476008508767,5.58291482925415,0,2.06476235389709,0,0,1,0.5,pilot_21_10,,
piotr-ams-AuSLePZT92U-unsplash_resized.jpg,nontarget,2,0,2,oddball,old,1,6,2.53839286290524,7.68299961090088,0,3.03839349746704,0,0,1,0.5,pilot_21_10,,
img_16kib.png,living_rooms,5,8,2,oddball,old,1,6,2.02553699399537,10.7664577960968,0,2.52553725242615,0,4,1,0.5,pilot_21_10,,
img_mvoj8.png,living_rooms,5,10,2,oddball,old,1,6,1.50092388642893,13.3332278728485,0,2.00092720985413,0,1,1,0.5,pilot_21_10,,
pexels-prolificpeople-29834274_resized.jpg,target,1,0,2,oddball,old,1,6,2.52190391841645,15.3749763965607,1,0.489378690719604,1,0,1,0.5,pilot_21_10,,
img_165pk.png,living_rooms,5,9,2,oddball,old,1,6,1.87787141125848,18.2917587757111,0,2.37787437438965,0,0,1,0.5,pilot_21_10,,
pexels-heyho-8134810_resized.jpg,nontarget,2,0,2,oddball,old,1,6,2.59467554946743,20.708521604538,0,3.09467840194702,0,0,1,0.5,pilot_21_10,,
img_xu1p3.png,living_rooms,5,7,2,oddball,old,1,6,1.46232583457635,23.8503119945526,0,1.96232509613037,0,0,1,0.5,pilot_21_10,,
retail-1424041_1920_resized.jpg,target,1,0,2,oddball,old,1,6,2.25465552993811,25.8503906726837,1,0.494470357894897,1,0,1,0.5,pilot_21_10,,
img_tj6dy.png,living_rooms,5,8,2,oddball,old,1,6,1.13972790050652,28.025475025177,0,1.63973093032837,0,3,1,0.5,pilot_21_10,,
img_xpco9.png,living_rooms,5,8,2,oddball,old,1,6,2.24740395414614,29.7088737487793,0,2.74740719795227,0,0,1,0.5,pilot_21_10,,
img_hfj08.png,living_rooms,5,9,2,oddball,old,1,6,2.48721809421987,32.5006484985352,0,2.98722052574158,0,2,1,0.5,pilot_21_10,,
pexels-heyho-7546640_resized.jpg,nontarget,2,0,2,oddball,old,1,6,2.05328648924042,35.5257647037506,0,2.55329036712646,0,0,1,0.5,pilot_21_10,,
img_hfj08.png,living_rooms,5,9,2,memory,old,1,6,1.45263937612213,39.5675859451294,4,4.99456214904785,,2,1,0.5,pilot_21_10,4,miss
img_wwmp0.png,living_rooms,5,8,2,memory,new,2,6,1.28025659784713,45.8928246498108,4,0.936825513839722,,0,1,0.5,pilot_21_10,4,cr
img_tseae.png,living_rooms,5,9,2,memory,new,2,6,1.38109271661075,48.2595794200897,3,1.39169859886169,,0,1,0.5,pilot_21_10,3,cr
img_s3ngq.png,living_rooms,5,10,2,memory,new,2,6,2.41747123189076,52.1263906955719,3,1.12348628044128,,0,1,0.5,pilot_21_10,3,cr
img_9bkl9.png,living_rooms,5,3,2,memory,old,1,6,2.70152391463411,56.0015342235565,1,1.01741576194763,,0,1,0.5,pilot_21_10,1,hit
img_7lz7m.png,living_rooms,5,3,2,memory,new,2,6,2.27232659491037,59.3349888324738,1,1.17744612693787,,0,1,0.5,pilot_21_10,1,fa
img_mvoj8.png,living_rooms,5,10,2,memory,old,1,6,2.01434413490688,62.5767741203308,3,1.19302105903625,,1,1,0.5,pilot_21_10,3,miss
img_5tr4v.png,living_rooms,5,4,2,memory,old,1,6,1.20975372413205,65.0351955890656,3,1.43227458000183,,0,1,0.5,pilot_21_10,3,miss
img_n7qvz.png,living_rooms,5,6,2,memory,old,1,6,1.71903841325328,68.2353112697601,1,1.24736070632935,,0,1,0.5,pilot_21_10,1,hit
img_1zhz6.png,living_rooms,5,3,2,memory,old,1,6,2.04237216117165,71.5687627792358,1,0.714087247848511,,0,1,0.5,pilot_21_10,1,hit
img_nq3rf.png,living_rooms,5,8,2,memory,new,2,6,1.05443956467502,73.385493516922,3,1.37077164649963,,0,1,0.5,pilot_21_10,3,cr
img_q9lab.png,living_rooms,5,3,2,memory,new,2,6,1.34301985421079,76.1522588729858,4,1.75028920173645,,0,1,0.5,pilot_21_10,4,cr
img_4o8l0.png,living_rooms,5,3,2,memory,new,2,6,1.07616464560661,79.0273597240448,4,1.28863835334778,,0,1,0.5,pilot_21_10,4,cr
img_syam3.png,living_rooms,5,2,2,memory,new,2,6,1.88385973529169,82.2524726390839,3,1.28870940208435,,0,1,0.5,pilot_21_10,3,cr
img_pdzf1.png,living_rooms,5,9,2,memory,old,1,6,1.76878052622981,85.3609139919281,3,0.82470703125,,1,1,0.5,pilot_21_10,3,miss
img_vnxft.png,living_rooms,5,3,2,memory,new,2,6,1.26915735585157,87.5026547908783,3,0.958419322967529,,0,1,0.5,pilot_21_10,3,cr
img_5mw7y.png,living_rooms,5,6,2,memory,old,1,6,1.7275276997842,90.2360816001892,3,1.21629643440247,,2,1,0.5,pilot_21_10,3,miss
img_yosqb.png,living_rooms,5,3,2,memory,new,2,6,1.26371317054126,92.761168718338,3,0.725764274597168,,0,1,0.5,pilot_21_10,3,cr
img_tujn3.png,living_rooms,5,8,2,memory,old,1,6,1.62505698192406,95.1612498760223,3,0.672295093536377,,1,1,0.5,pilot_21_10,3,miss
img_dg5h7.png,living_rooms,5,10,2,memory,new,2,6,2.33525343886816,98.2196867465973,2,1.30914425849915,,0,1,0.5,pilot_21_10,2,fa
img_fejeo.png,living_rooms,5,8,2,memory,new,2,6,1.39327334927111,100.969779729843,3,0.906201362609863,,0,1,0.5,pilot_21_10,3,cr
img_bj99b.png,living_rooms,5,8,2,memory,old,1,6,1.28626435441467,103.211520671844,1,1.7584924697876,,1,1,0.5,pilot_21_10,1,hit
img_astid.png,living_rooms,5,2,2,memory,new,2,6,1.69056928790474,106.703303813934,3,1.04003524780273,,0,1,0.5,pilot_21_10,3,cr
img_kf7vw.png,living_rooms,5,8,2,memory,old,1,6,2.34565668199513,110.136749267578,3,1.0149028301239,,0,1,0.5,pilot_21_10,3,miss
img_rg4in.png,living_rooms,5,3,2,memory,new,2,6,1.65634717028042,112.845171689987,4,1.37086534500122,,0,1,0.5,pilot_21_10,4,cr
img_w8jfk.png,living_rooms,5,10,2,memory,old,1,6,1.22407645160065,115.486925125122,1,1.57632994651794,,2,1,0.5,pilot_21_10,1,hit
img_5nlnv.png,living_rooms,5,9,2,memory,new,2,6,1.44805748425326,118.562024831772,3,1.65269827842712,,0,1,0.5,pilot_21_10,3,cr
img_xe6fa.png,living_rooms,5,7,2,memory,old,1,6,1.11784555725778,121.387115955353,3,0.80273699760437,,0,1,0.5,pilot_21_10,3,miss
img_di6f0.png,living_rooms,5,10,2,memory,new,2,6,2.01527494318161,124.253873825073,2,0.910075187683105,,0,1,0.5,pilot_21_10,2,fa
img_f63yi.png,living_rooms,5,9,2,memory,new,2,6,1.00092703365294,126.220602750778,3,0.706834316253662,,0,1,0.5,pilot_21_10,3,cr
img_pjfx6.png,living_rooms,5,2,2,memory,old,1,6,1.52648890503866,128.50400853157,1,1.69030356407166,,0,1,0.5,pilot_21_10,1,hit
img_ivx6p.png,living_rooms,5,9,2,memory,new,2,6,1.66100736759653,131.912449836731,2,1.54542922973633,,0,1,0.5,pilot_21_10,2,fa
img_s1t24.png,living_rooms,5,10,2,memory,old,1,6,2.12571226547807,135.637565851212,3,1.40062522888184,,0,1,0.5,pilot_21_10,3,miss
img_9wmp8.png,living_rooms,5,10,2,memory,old,1,6,1.61211152544883,138.70432806015,3,0.74260401725769,,0,1,0.5,pilot_21_10,3,miss
img_w8yhd.png,living_rooms,5,4,2,memory,new,2,6,2.39999007828981,141.896092653275,3,0.857194423675537,,0,1,0.5,pilot_21_10,3,cr
img_emh91.png,living_rooms,5,8,2,memory,new,2,6,1.78520048474441,144.587841749191,3,0.634891271591187,,0,1,0.5,pilot_21_10,3,cr
img_geavj.png,living_rooms,5,8,2,memory,old,1,6,1.44060516813744,146.712906837463,3,0.663824319839478,,1,1,0.5,pilot_21_10,3,miss
img_0t206.png,living_rooms,5,10,2,memory,new,2,6,1.16493438912477,148.587963819504,4,1.15760827064514,,0,1,0.5,pilot_21_10,4,cr
img_wixv2.png,living_rooms,5,2,2,memory,new,2,6,1.48365292299016,151.27971124649,3,0.807539701461792,,0,1,0.5,pilot_21_10,3,cr
img_rru0v.png,living_rooms,5,4,2,memory,new,2,6,1.21898416402471,153.354773759842,2,1.2752902507782,,0,1,0.5,pilot_21_10,2,fa
img_pey7u.png,living_rooms,5,1,2,memory,old,1,6,1.33673348508634,156.021520853043,1,0.976564168930054,,0,1,0.5,pilot_21_10,1,hit
img_x8z4x.png,living_rooms,5,10,2,memory,new,2,6,1.31703032000868,158.3715903759,3,2.37290167808533,,0,1,0.5,pilot_21_10,3,cr
img_24rt2.png,living_rooms,5,3,2,memory,old,1,6,2.01307865132102,162.805055141449,3,0.754273891448975,,4,1,0.5,pilot_21_10,3,miss
img_t2bng.png,living_rooms,5,10,2,memory,old,1,6,1.03995833362065,164.646775722504,3,0.697625398635864,,0,1,0.5,pilot_21_10,3,miss
img_hfte7.png,living_rooms,5,10,2,memory,old,1,6,1.60043934998449,166.996844053268,3,1.05898690223694,,3,1,0.5,pilot_21_10,3,miss
img_j4ttn.png,living_rooms,5,1,2,memory,old,1,6,1.39928273991509,169.505250692368,2,1.24234843254089,,0,1,0.5,pilot_21_10,2,hit
img_vgh2g.png,living_rooms,5,10,2,memory,old,1,6,1.48843415209681,172.29699754715,3,0.808458566665649,,3,1,0.5,pilot_21_10,3,miss
img_0kqc0.png,living_rooms,5,2,2,memory,old,1,6,2.15192254404708,175.305418014526,3,0.657809972763062,,4,1,0.5,pilot_21_10,3,miss
img_qdln8.png,living_rooms,5,9,2,memory,old,1,6,1.28408035277932,177.297142028809,2,1.26124000549316,,0,1,0.5,pilot_21_10,2,hit
img_xr3up.png,living_rooms,5,7,2,memory,old,1,6,1.27437820049339,179.880547761917,3,1.56277227401733,,0,1,0.5,pilot_21_10,3,miss
img_bg264.png,living_rooms,5,10,2,memory,new,2,6,1.20792938311446,182.697294712067,3,0.743664264678955,,0,1,0.5,pilot_21_10,3,cr
img_02alv.png,living_rooms,5,4,2,memory,new,2,6,2.174791951168,185.664044618607,3,0.836440563201904,,0,1,0.5,pilot_21_10,3,cr
img_r97z5.png,living_rooms,5,8,2,memory,new,2,6,1.54759740443169,188.097445487976,2,2.78845453262329,,0,1,0.5,pilot_21_10,2,fa
img_95hiv.png,living_rooms,5,9,2,memory,new,2,6,1.34260576347594,192.280894756317,3,1.01448726654053,,0,1,0.5,pilot_21_10,3,cr
img_vgaye.png,living_rooms,5,8,2,memory,new,2,6,1.7247407955909,195.064303636551,2,0.748565435409546,,0,1,0.5,pilot_21_10,2,fa
img_zxvl3.png,living_rooms,5,5,2,memory,old,1,6,1.38662370090603,197.247695684433,1,1.0799503326416,,0,1,0.5,pilot_21_10,1,hit
img_3ze38.png,living_rooms,5,2,2,memory,old,1,6,2.48053800161194,200.856125593185,1,0.993734359741211,,0,1,0.5,pilot_21_10,1,hit
img_0jzz7.png,living_rooms,5,9,2,memory,new,2,6,1.48567554148719,203.389526605606,3,1.13995742797852,,0,1,0.5,pilot_21_10,3,cr
img_165pk.png,living_rooms,5,9,2,memory,old,1,6,1.75919633685128,206.339604616165,3,0.613057374954224,,0,1,0.5,pilot_21_10,3,miss
img_1i6q5.png,living_rooms,5,9,2,memory,new,2,6,1.29167276460358,208.297989606857,3,1.07193541526794,,0,1,0.5,pilot_21_10,3,cr
img_wgddx.png,living_rooms,5,3,2,memory,old,1,6,2.53005511180475,211.948084831238,3,1.63749814033508,,3,1,0.5,pilot_21_10,3,miss
img_tj6dy.png,living_rooms,5,8,2,memory,old,1,6,1.03849853073908,214.673155784607,3,1.16857719421387,,3,1,0.5,pilot_21_10,3,miss
img_16kib.png,living_rooms,5,8,2,memory,old,1,6,1.00657307450938,216.898213624954,3,1.65569353103638,,4,1,0.5,pilot_21_10,3,miss
img_xpco9.png,living_rooms,5,8,2,memory,old,1,6,1.89571592589803,220.498306035995,3,1.57072901725769,,0,1,0.5,pilot_21_10,3,miss
img_8jy3h.png,living_rooms,5,7,2,memory,old,1,6,2.90582450059983,225.023422241211,1,1.54076671600342,,0,1,0.5,pilot_21_10,1,hit
img_py7rq.png,living_rooms,5,7,2,memory,old,1,6,1.13749415579253,227.748491048813,3,1.3018970489502,,0,1,0.5,pilot_21_10,3,miss
img_a6u3n.png,living_rooms,5,9,2,memory,new,2,6,2.9836748391033,232.090265512466,4,0.976772546768188,,0,1,0.5,pilot_21_10,4,cr
img_g9od8.png,living_rooms,5,4,2,memory,old,1,6,1.60334522906185,234.723664522171,1,1.335209608078,,4,1,0.5,pilot_21_10,1,hit
img_zh8ms.png,living_rooms,5,4,2,memory,new,2,6,1.8486231133872,237.957078695297,3,1.71749830245972,,0,1,0.5,pilot_21_10,3,cr
img_3fldm.png,living_rooms,5,10,2,memory,new,2,6,2.37548757957487,242.107180356979,3,1.12804365158081,,0,1,0.5,pilot_21_10,3,cr
img_tn8ys.png,living_rooms,5,10,2,memory,new,2,6,1.26513639908398,244.557240724564,3,0.805486440658569,,0,1,0.5,pilot_21_10,3,cr
img_xu1p3.png,living_rooms,5,7,2,memory,old,1,6,1.15690903593563,246.565623760223,3,0.890854358673096,,0,1,0.5,pilot_21_10,3,miss
img_mhkzb.png,living_rooms,5,10,2,memory,new,2,6,1.18105191874484,248.68234038353,3,1.25600957870483,,0,1,0.5,pilot_21_10,3,cr
img_hmmra.png,living_rooms,5,3,2,memory,new,2,6,2.01062012769621,251.999087810516,4,0.996965169906616,,0,1,0.5,pilot_21_10,4,cr
img_196rk.png,living_rooms,5,9,2,memory,old,1,6,1.24478290698484,254.299142599106,4,1.23039650917053,,0,1,0.5,pilot_21_10,4,miss
img_gnxyk.png,living_rooms,5,9,2,memory,new,2,6,1.26465355832509,256.840869903564,3,1.29989409446716,,0,1,0.5,pilot_21_10,3,cr
img_r10cu.png,living_rooms,5,7,2,memory,old,1,6,1.14730788143461,259.332596063614,2,1.29600691795349,,2,1,0.5,pilot_21_10,2,hit
img_a9he3.png,living_rooms,5,8,2,memory,old,1,6,1.26096528339648,261.940990686417,2,1.06340527534485,,2,1,0.5,pilot_21_10,2,hit
img_x9w7o.png,living_rooms,5,10,2,memory,new,2,6,1.97973421468751,265.03272986412,3,1.54170417785645,,0,1,0.5,pilot_21_10,3,cr
img_5jp4f.png,living_rooms,5,9,2,memory,new,2,6,1.55695002316517,268.18280339241,3,0.773024559020996,,0,1,0.5,pilot_21_10,3,cr
img_1iam9.png,living_rooms,5,2,2,memory,old,1,6,1.10006198992469,270.107848644257,2,2.44704651832581,,3,1,0.5,pilot_21_10,2,hit
img_6vila.png,living_rooms,5,8,2,memory,old,1,6,1.7656508818778,274.374615907669,3,1.75193524360657,,3,1,0.5,pilot_21_10,3,miss
img_d480g.png,living_rooms,5,10,2,memory,new,2,6,1.55340142400628,277.733027696609,4,2.42356634140015,,0,1,0.5,pilot_21_10,4,cr
img_o30wb.png,living_rooms,5,8,2,memory,old,1,6,1.42472522940602,281.624783754349,3,0.889296293258667,,2,1,0.5,pilot_21_10,3,miss
img_amsgw.png,living_rooms,5,9,2,memory,old,1,6,1.32079424568,283.883168697357,3,0.94498348236084,,0,1,0.5,pilot_21_10,3,miss
img_n42jt.png,living_rooms,5,10,2,memory,old,1,6,2.01593807972021,286.891570568085,3,0.733410596847534,,3,1,0.5,pilot_21_10,3,miss
img_hbemf.png,living_rooms,5,9,2,memory,old,1,6,1.63021669391793,289.299958467484,3,2.23488163948059,,2,1,0.5,pilot_21_10,3,miss
img_ac0ey.png,living_rooms,5,9,2,memory,new,2,6,1.7572089232817,293.341716051102,3,2.11154007911682,,0,1,0.5,pilot_21_10,3,cr
img_3m61b.png,living_rooms,5,8,2,memory,old,1,6,2.04832409650597,297.550143480301,3,6.95117664337158,,0,1,0.5,pilot_21_10,3,miss
img_vg73h.png,living_rooms,5,10,2,memory,new,2,6,2.71689130333398,307.275356769562,3,1.42376732826233,,0,1,0.5,pilot_21_10,3,cr
img_68f2l.png,living_rooms,5,9,2,memory,new,2,6,2.42490236269384,311.167108058929,3,1.0729820728302,,0,1,0.5,pilot_21_10,3,cr
img_v771n.png,living_rooms,5,1,2,memory,old,1,6,2.00579877026013,314.292174816132,3,2.24938225746155,,2,1,0.5,pilot_21_10,3,miss
img_xzyzy.png,living_rooms,5,9,2,memory,new,2,6,1.90878936047929,318.500597953796,3,0.775703191757202,,0,1,0.5,pilot_21_10,3,cr
img_wjjqy.png,living_rooms,5,8,2,memory,new,2,6,2.03609275107881,321.367325782776,4,1.99988031387329,,0,1,0.5,pilot_21_10,4,cr
img_ohtbu.png,living_rooms,5,1,2,memory,old,1,6,1.58959120072261,325.000735998154,2,0.981990098953247,,4,1,0.5,pilot_21_10,2,hit
img_lpas9.png,living_rooms,5,4,2,memory,new,2,6,1.20726502453378,327.242449045181,3,1.05123996734619,,0,1,0.5,pilot_21_10,3,cr
img_kjbrh.png,living_rooms,5,9,2,memory,new,2,6,1.98097521551901,330.32584643364,3,1.12376260757446,,0,1,0.5,pilot_21_10,3,cr
img_62xpv.png,living_rooms,5,8,2,memory,old,1,6,1.2261952469832,332.734229803085,3,1.09489417076111,,0,1,0.5,pilot_21_10,3,miss
img_jpjeg.png,living_rooms,5,10,2,memory,new,2,6,1.66453423325929,335.542620658875,2,1.87907147407532,,0,1,0.5,pilot_21_10,2,fa
img_bf8nx.png,living_rooms,5,9,2,memory,new,2,6,2.31175475124035,339.784374713898,3,1.95470523834229,,0,1,0.5,pilot_21_10,3,cr
img_ysb5z.png,living_rooms,5,9,2,memory,new,2,6,2.89775013659297,344.684473514557,3,1.35999250411987,,0,1,0.5,pilot_21_10,3,cr
img_7f11q.png,living_rooms,5,8,2,memory,old,1,6,1.18159883956232,347.276192188263,1,1.26708483695984,,0,1,0.5,pilot_21_10,1,hit
condo-3499679_1920_resized.jpg,nontarget,2,0,2,oddball,old,1,2,1.64164027253621,448.128000736237,0,2.14164042472839,0,0,1,0.5,pilot_21_10,,
img_ps986.png,kitchens,4,10,2,oddball,old,1,2,1.01786579339502,450.319701433182,0,1.51786851882935,0,4,1,0.5,pilot_21_10,,
img_18r80.png,kitchens,4,10,2,oddball,old,1,2,1.2122420745932,451.878061056137,0,1.71224308013916,0,2,1,0.5,pilot_21_10,,
chastity-cortijo-6TY_WrJTwSI-unsplash_resized.jpg,nontarget,2,0,2,oddball,old,1,2,1.2284984882765,453.628088235855,0,1.72849774360657,0,0,1,0.5,pilot_21_10,,
img_sfq2m.png,kitchens,4,9,2,oddball,old,1,2,1.31155058047616,455.403115510941,0,1.8115496635437,0,4,1,0.5,pilot_21_10,,
img_9mky8.png,kitchens,4,9,2,oddball,old,1,2,2.23999526993035,457.261479139328,0,2.7399959564209,0,2,1,0.5,pilot_21_10,,
dan-counsell-CQeKvOTrGuQ-unsplash_resized.jpg,nontarget,2,0,2,oddball,old,1,2,1.85066397960024,460.044855356216,0,2.3506646156311,0,0,1,0.5,pilot_21_10,,
img_30vz5.png,kitchens,4,10,2,oddball,old,1,2,2.28681223692314,462.444893121719,0,2.78681302070618,0,0,1,0.5,pilot_21_10,,
eduardo-soares-ouNWk-_iTmM-unsplash_resized.jpg,target,1,0,2,oddball,old,1,2,2.0801123204858,465.269936800003,1,0.787024259567261,1,0,1,0.5,pilot_21_10,,
img_i3eml.png,kitchens,4,8,2,oddball,old,1,2,1.96877046271107,468.561653614044,0,2.46877145767212,0,3,1,0.5,pilot_21_10,,
img_lszzj.png,kitchens,4,4,2,oddball,old,1,2,1.15569145303299,471.078359127045,0,1.65569591522217,0,0,1,0.5,pilot_21_10,,
img_njmgp.png,kitchens,4,8,2,oddball,old,1,2,1.11673878008342,472.770051956177,0,1.61674118041992,0,2,1,0.5,pilot_21_10,,
francesca-tosolini-FX1EbT-jKBQ-unsplash_resized.jpg,nontarget,2,0,2,oddball,old,1,2,1.47577087975313,474.428409814835,0,1.97577214241028,0,0,1,0.5,pilot_21_10,,
img_66ncr.png,kitchens,4,6,2,oddball,old,1,2,1.1039147870378,476.453441143036,0,1.60391592979431,0,4,1,0.5,pilot_21_10,,
img_0dege.png,kitchens,4,9,2,oddball,old,1,2,1.06299170316781,478.103466033936,0,1.56299209594727,0,2,1,0.5,pilot_21_10,,
dmitriy-frantsev-36ofMxq8yXo-unsplash_resized.jpg,nontarget,2,0,2,oddball,old,1,2,2.20975075201743,479.711822986603,0,2.70975112915039,0,0,1,0.5,pilot_21_10,,
img_sxgfb.png,kitchens,4,6,2,oddball,old,1,2,1.66484339394352,482.470196962357,0,2.16484498977661,0,4,1,0.5,pilot_21_10,,
img_8vcm6.png,kitchens,4,10,2,oddball,old,1,2,1.66600805827947,484.686896562576,0,2.16601252555847,0,1,1,0.5,pilot_21_10,,
demi-kyu-gZPDNM0VfO8-unsplash_resized.jpg,target,1,0,2,oddball,old,1,2,1.29921990720269,486.895262956619,1,0.906344175338745,1,0,1,0.5,pilot_21_10,,
img_ncr40.png,kitchens,4,6,2,oddball,old,1,2,2.5317427337896,490.861986637115,0,3.03174233436584,0,3,1,0.5,pilot_21_10,,
img_6j727.png,kitchens,4,9,2,oddball,old,1,2,1.64159568394363,493.945365428925,0,2.14159464836121,0,1,1,0.5,pilot_21_10,,
ella-goPJNof-yYc-unsplash_resized.jpg,target,1,0,2,oddball,old,1,2,2.2901643406549,496.128729820251,1,1.06510019302368,1,0,1,0.5,pilot_21_10,,
img_8zf2f.png,kitchens,4,8,2,oddball,old,1,2,1.2877149711919,499.012104988098,0,1.78771901130676,0,0,1,0.5,pilot_21_10,,
cameron-smith-CTxNVSiWZBw-unsplash_resized.jpg,nontarget,2,0,2,oddball,old,1,2,1.53832689130809,500.837131023407,0,2.03833103179932,0,0,1,0.5,pilot_21_10,,
img_es7o2.png,kitchens,4,2,2,oddball,old,1,2,2.03278576025413,502.920493602753,0,2.53278541564941,0,0,1,0.5,pilot_21_10,,
eduardo-soares-e4EmPx91Aj4-unsplash_resized.jpg,target,1,0,2,oddball,old,1,2,1.83117016090312,505.495530366898,1,0.642566680908203,1,0,1,0.5,pilot_21_10,,
img_u9f9l.png,kitchens,4,7,2,oddball,old,1,2,1.29484855789326,507.962231874466,0,1.7948522567749,0,0,1,0.5,pilot_21_10,,
francesca-tosolini-kDtuOUIkwrk-unsplash_resized.jpg,nontarget,2,0,2,oddball,old,1,2,1.06719495036781,509.795590877533,0,1.56719613075256,0,0,1,0.5,pilot_21_10,,
img_68wfw.png,kitchens,4,5,2,oddball,old,1,2,1.83869250517566,511.412279844284,0,2.33869624137878,0,4,1,0.5,pilot_21_10,,
img_uegbb.png,kitchens,4,8,2,oddball,old,1,2,1.02138423324557,513.795646190643,0,1.52138495445251,0,1,1,0.5,pilot_21_10,,
ella-VLopeFqjFf8-unsplash_resized.jpg,target,1,0,2,oddball,old,1,2,1.41703009781696,515.362333774567,1,0.503971338272095,1,0,1,0.5,pilot_21_10,,
img_s9are.png,kitchens,4,10,2,oddball,old,1,2,1.86648054713509,518.262373447418,0,2.36648368835449,0,3,1,0.5,pilot_21_10,,
img_zi8qc.png,kitchens,4,7,2,oddball,old,1,2,1.33938934435539,520.687406539917,0,1.83939051628113,0,2,1,0.5,pilot_21_10,,
furniture-6778198_1920_resized.jpg,nontarget,2,0,2,oddball,old,1,2,1.06924772497455,522.570765972137,0,1.56924819946289,0,0,1,0.5,pilot_21_10,,
img_z10c7.png,kitchens,4,3,2,oddball,old,1,2,1.18931729310104,524.187454462051,0,1.68931770324707,0,0,1,0.5,pilot_21_10,,
erik-mclean-SX7lS9IIk-E-unsplash_resized.jpg,nontarget,2,0,2,oddball,old,1,2,2.20250870868924,525.920810937881,0,2.70251202583313,0,0,1,0.5,pilot_21_10,,
img_4d0aw.png,kitchens,4,6,2,oddball,old,1,2,1.58657391829156,528.670847654343,0,2.08657741546631,0,0,1,0.5,pilot_21_10,,
ella-IpZHInMoYm4-unsplash_resized.jpg,target,1,0,2,oddball,old,1,2,2.15293295847109,530.795876264572,1,0.46282172203064,1,0,1,0.5,pilot_21_10,,
img_rpdms.png,kitchens,4,7,2,oddball,old,1,2,1.14206816664625,532.979236602783,0,1.64206957817078,0,3,1,0.5,pilot_21_10,,
img_7ed9m.png,kitchens,4,8,2,oddball,old,1,2,1.54564319513842,534.670924663544,0,2.04564642906189,0,0,1,0.5,pilot_21_10,,
img_hfz8w.png,kitchens,4,2,2,oddball,old,1,2,2.30335775325939,536.770951986313,0,2.80335712432861,0,0,1,0.5,pilot_21_10,,
img_bwo9g.png,kitchens,4,4,2,oddball,old,1,2,1.24434031792268,539.620987415314,0,1.74433970451355,0,1,1,0.5,pilot_21_10,,
dillon-kydd-sdGHxl9DZqw-unsplash_resized.jpg,target,1,0,2,oddball,old,1,2,2.23531792838261,541.404343605042,1,0.510620355606079,1,0,1,0.5,pilot_21_10,,
img_a2mx2.png,kitchens,4,8,2,oddball,old,1,2,2.73338639450897,545.17939043045,0,3.23338961601257,0,0,1,0.5,pilot_21_10,,
colin-watts-fpcsSULC1E8-unsplash_resized.jpg,nontarget,2,0,2,oddball,old,1,2,1.07495571147345,548.454432010651,0,1.57495808601379,0,0,1,0.5,pilot_21_10,,
img_0j24m.png,kitchens,4,3,2,oddball,old,1,2,1.57194034830314,550.07945227623,0,2.07193970680237,0,0,1,0.5,pilot_21_10,,
daria-strategy-BMnX7L9G5xc-unsplash_resized.jpg,target,1,0,2,oddball,old,1,2,1.09592313387949,552.196144104004,1,0.527006864547729,1,0,1,0.5,pilot_21_10,,
img_p659z.png,kitchens,4,9,2,oddball,old,1,2,1.27046782782215,554.521172046661,0,1.77046895027161,0,0,1,0.5,pilot_21_10,,
filios-sazeides-qeIuFR5vPm8-unsplash_resized.jpg,nontarget,2,0,2,oddball,old,1,2,1.56377986096309,556.329528093338,0,2.0637800693512,0,0,1,0.5,pilot_21_10,,
img_05flq.png,kitchens,4,1,2,oddball,old,1,2,1.82245207409798,558.446219682693,0,2.32245540618896,0,0,1,0.5,pilot_21_10,,
bilal-mansuri-vTj_dmFGB1Y-unsplash_resized.jpg,nontarget,2,0,2,oddball,old,1,2,1.05853478030172,560.81291437149,0,1.5585355758667,0,0,1,0.5,pilot_21_10,,
img_f14d7.png,kitchens,4,7,2,oddball,old,1,2,1.55446253742761,562.421267032623,0,2.05446600914001,0,0,1,0.5,pilot_21_10,,
deric-yu-dTOWrT0Rkgk-unsplash_resized.jpg,target,1,0,2,oddball,old,1,2,1.79145723663875,564.521292924881,1,0.586243152618408,1,0,1,0.5,pilot_21_10,,
img_jdkip.png,kitchens,4,10,2,oddball,old,1,2,1.0208728817657,566.662984609604,0,1.52087545394897,0,0,1,0.5,pilot_21_10,,
diykaree-OyRjW9n_p4s-unsplash_resized.jpg,target,1,0,2,oddball,old,1,2,1.00752693597949,568.22967004776,0,1.50752806663513,0,0,1,0.5,pilot_21_10,,
img_mucwi.png,kitchens,4,5,2,oddball,old,1,2,1.48880328762315,569.788022041321,0,1.98880410194397,0,3,1,0.5,pilot_21_10,,
img_es115.png,kitchens,4,8,2,oddball,old,1,2,2.85549725542101,571.821378946304,0,3.35550308227539,0,1,1,0.5,pilot_21_10,,
denis-wcUoMU_g2to-unsplash_resized.jpg,target,1,0,2,oddball,old,1,2,1.01891702852479,575.221418380737,1,0.526407718658447,1,0,1,0.5,pilot_21_10,,
img_mdlpz.png,kitchens,4,10,2,oddball,old,1,2,1.36852421768681,577.646446466446,0,1.8685245513916,0,0,1,0.5,pilot_21_10,,
damla-ozkan-psy-nI3562c-unsplash_resized.jpg,target,1,0,2,oddball,old,1,2,1.47244737502621,579.554801702499,1,0.457099437713623,1,0,1,0.5,pilot_21_10,,
img_0mhms.png,kitchens,4,7,2,oddball,old,1,2,2.25562539620986,582.84650683403,0,2.75562834739685,0,0,1,0.5,pilot_21_10,,
filmreal-studio-HQYmdYCXm7I-unsplash_resized.jpg,nontarget,2,0,2,oddball,old,1,2,1.53494095502324,585.646538257599,0,2.03494477272034,0,0,1,0.5,pilot_21_10,,
img_7ucnr.png,kitchens,4,5,2,oddball,old,1,2,1.52231441718103,587.729895591736,0,2.0223183631897,0,4,1,0.5,pilot_21_10,,
img_jgqri.png,kitchens,4,10,2,oddball,old,1,2,1.80596021206224,589.80491900444,0,2.30596494674683,0,1,1,0.5,pilot_21_10,,
egor-litvinov-ncKxCn5SI3A-unsplash_resized.jpg,target,1,0,2,oddball,old,1,2,2.00636109518648,592.154944658279,1,0.993201494216919,1,0,1,0.5,pilot_21_10,,
img_7wul8.png,kitchens,4,1,2,oddball,old,1,2,1.59750534236899,595.271646976471,0,2.09750509262085,0,0,1,0.5,pilot_21_10,,
chastity-cortijo-rT0zaQn2r5o-unsplash_resized.jpg,nontarget,2,0,2,oddball,old,1,2,1.10784785654443,597.413336515427,0,1.6078474521637,0,0,1,0.5,pilot_21_10,,
img_1m0fn.png,kitchens,4,9,2,oddball,old,1,2,1.31931844854015,599.071688652039,0,1.81931948661804,0,0,1,0.5,pilot_21_10,,
fahmi-huwaidy-nTTWXL_dMW8-unsplash_resized.jpg,target,1,0,2,oddball,old,1,2,2.71411587143418,600.930042743683,1,0.586278438568115,1,0,1,0.5,pilot_21_10,,
img_anjr0.png,kitchens,4,4,2,oddball,old,1,2,1.68423568707142,603.738406896591,0,2.18423509597778,0,3,1,0.5,pilot_21_10,,
img_79b5l.png,kitchens,4,6,2,oddball,old,1,2,1.799090701941,605.97176361084,0,2.29909253120422,0,2,1,0.5,pilot_21_10,,
chastity-cortijo-FJLoqqIsSHc-unsplash_resized.jpg,nontarget,2,0,2,oddball,old,1,2,1.12780275297158,608.313456773758,0,1.62780618667603,0,0,1,0.5,pilot_21_10,,
img_exxip.png,kitchens,4,7,2,oddball,old,1,2,1.91191884053357,609.988474607468,0,2.41192054748535,0,0,1,0.5,pilot_21_10,,
fernando-cascante-AqP6drQ5Q70-unsplash_resized.jpg,target,1,0,2,oddball,old,1,2,1.63091247000033,612.446835041046,1,0.741789102554321,1,0,1,0.5,pilot_21_10,,
img_c3r29.png,kitchens,4,9,2,oddball,old,1,2,1.37810152057721,615.096862792969,0,1.87810516357422,0,3,1,0.5,pilot_21_10,,
img_m8krt.png,kitchens,4,6,2,oddball,old,1,2,2.67871663206206,617.021883487701,0,3.17871761322021,0,0,1,0.5,pilot_21_10,,
img_3gm8h.png,kitchens,4,4,2,oddball,old,1,2,1.06830755556732,620.246918678284,0,1.5683114528656,0,2,1,0.5,pilot_21_10,,
chastity-cortijo-80c0YaiSFk4-unsplash_resized.jpg,nontarget,2,0,2,oddball,old,1,2,1.28624665580809,621.855269670486,0,1.78624844551086,0,0,1,0.5,pilot_21_10,,
img_048l0.png,kitchens,4,7,2,oddball,old,1,2,1.04531490357408,623.688622951508,0,1.54531407356262,0,4,1,0.5,pilot_21_10,,
img_kwxq1.png,kitchens,4,4,2,oddball,old,1,2,1.01050747076338,625.28030705452,0,1.51050710678101,0,2,1,0.5,pilot_21_10,,
enis-yavuz-yy4rMNaL6fw-unsplash_resized.jpg,nontarget,2,0,2,oddball,old,1,2,1.33301633452254,626.830323696136,0,1.83301639556885,0,0,1,0.5,pilot_21_10,,
img_q1ynd.png,kitchens,4,5,2,oddball,old,1,2,1.44370836416706,628.713676929474,0,1.94370913505554,0,0,1,0.5,pilot_21_10,,
fbelladona-RdWoJZbcQvo-unsplash_resized.jpg,target,1,0,2,oddball,old,1,2,1.21861392293174,630.697031497955,1,0.47594952583313,1,0,1,0.5,pilot_21_10,,
img_cxpff.png,kitchens,4,6,2,oddball,old,1,2,1.94533361093526,633.68039560318,0,2.44533658027649,0,0,1,0.5,pilot_21_10,,
claudio-schwarz-LoelYE8uw7I-unsplash_resized.jpg,target,1,0,2,oddball,old,1,2,2.1305888934216,636.172088623047,1,0.601013422012329,1,0,1,0.5,pilot_21_10,,
img_72hmj.png,kitchens,4,10,2,memory,new,2,2,2.34091482964396,639.138786554337,2,3.37434244155884,,0,1,0.5,pilot_21_10,2,fa
img_x9ml4.png,kitchens,4,3,2,memory,new,2,2,1.07888178709972,643.638833045959,3,2.38038611412048,,0,1,0.5,pilot_21_10,3,cr
img_pt3d7.png,kitchens,4,4,2,memory,new,2,2,1.68775804434188,647.755542039871,3,2.46978712081909,,0,1,0.5,pilot_21_10,3,cr
img_bwo9g.png,kitchens,4,4,2,memory,old,1,2,1.74414765879592,652.022251605988,3,1.09585738182068,,1,1,0.5,pilot_21_10,3,miss
img_4d0aw.png,kitchens,4,6,2,memory,old,1,2,1.5143973301371,654.680611848831,3,1.17622423171997,,0,1,0.5,pilot_21_10,3,miss
img_mdlpz.png,kitchens,4,10,2,memory,old,1,2,1.53071077274796,657.438972711563,3,1.04775834083557,,0,1,0.5,pilot_21_10,3,miss
img_es115.png,kitchens,4,8,2,memory,old,1,2,2.17524008586273,660.71400475502,3,0.877869367599487,,1,1,0.5,pilot_21_10,3,miss
img_rpdms.png,kitchens,4,7,2,memory,old,1,2,2.55886861442944,664.205707073212,2,1.00875997543335,,3,1,0.5,pilot_21_10,2,hit
img_cxpff.png,kitchens,4,6,2,memory,old,1,2,1.85324761351875,667.122401952744,3,1.3659451007843,,0,1,0.5,pilot_21_10,3,miss
img_4ufga.png,kitchens,4,4,2,memory,new,2,2,1.80796518774567,670.339099407196,4,1.31541562080383,,0,1,0.5,pilot_21_10,4,cr
img_yeh72.png,kitchens,4,4,2,memory,new,2,2,1.32767861962231,673.030792713165,4,1.52774524688721,,0,1,0.5,pilot_21_10,4,cr
img_r77yy.png,kitchens,4,9,2,memory,new,2,2,1.45362931820699,676.064154863358,3,2.0864052772522,,0,1,0.5,pilot_21_10,3,cr
img_66ncr.png,kitchens,4,6,2,memory,old,1,2,2.23005071326839,680.430862665176,3,1.08253836631775,,4,1,0.5,pilot_21_10,3,miss
img_qmgwq.png,kitchens,4,9,2,memory,new,2,2,1.96578568688996,683.522558927536,3,1.41538214683533,,0,1,0.5,pilot_21_10,3,cr
img_3v5w3.png,kitchens,4,10,2,memory,new,2,2,1.37102099000149,686.355917453766,3,2.87189054489136,,0,1,0.5,pilot_21_10,3,cr
img_qmand.png,kitchens,4,10,2,memory,new,2,2,1.2553695936071,690.530956745148,3,0.843814373016357,,0,1,0.5,pilot_21_10,3,cr
img_kwxq1.png,kitchens,4,4,2,memory,old,1,2,1.59628953133716,693.022645711899,3,0.813596248626709,,2,1,0.5,pilot_21_10,3,miss
img_ncr40.png,kitchens,4,6,2,memory,old,1,2,1.29897556916442,695.189332723618,3,1.03114223480225,,3,1,0.5,pilot_21_10,3,miss
img_anjr0.png,kitchens,4,4,2,memory,old,1,2,1.78740958261823,698.056025028229,3,1.09241008758545,,3,1,0.5,pilot_21_10,3,miss
img_f14d7.png,kitchens,4,7,2,memory,old,1,2,2.20237252156543,701.406054735184,1,1.30072331428528,,0,1,0.5,pilot_21_10,1,hit
img_1m0fn.png,kitchens,4,9,2,memory,old,1,2,1.53253337483279,704.289413928986,2,0.957897186279297,,0,1,0.5,pilot_21_10,2,hit
img_9mky8.png,kitchens,4,9,2,memory,old,1,2,2.17028277539663,707.464441776276,2,1.77370429039001,,2,1,0.5,pilot_21_10,2,hit
img_mawe6.png,kitchens,4,9,2,memory,new,2,2,1.12653903337196,710.414468050003,3,1.10344409942627,,0,1,0.5,pilot_21_10,3,cr
img_g7870.png,kitchens,4,4,2,memory,new,2,2,1.80123215470038,713.364493608475,4,0.988601446151733,,0,1,0.5,pilot_21_10,4,cr
img_m8krt.png,kitchens,4,6,2,memory,old,1,2,2.03289338967897,716.431186914444,1,1.68123507499695,,0,1,0.5,pilot_21_10,1,hit
img_7wul8.png,kitchens,4,1,2,memory,old,1,2,1.13590856253593,719.314544916153,3,1.21277403831482,,0,1,0.5,pilot_21_10,3,miss
img_fqcvd.png,kitchens,4,9,2,memory,new,2,2,1.14222670939502,721.722898483276,3,1.45311665534973,,0,1,0.5,pilot_21_10,3,cr
img_9mcah.png,kitchens,4,3,2,memory,new,2,2,1.90166023299365,725.139594078064,3,0.984421968460083,,0,1,0.5,pilot_21_10,3,cr
img_njmgp.png,kitchens,4,8,2,memory,old,1,2,2.56298651679789,728.739624738693,2,1.94249534606934,,2,1,0.5,pilot_21_10,2,hit
img_58n4j.png,kitchens,4,8,2,memory,new,2,2,1.92112711857912,732.664657115936,3,1.56867003440857,,0,1,0.5,pilot_21_10,3,cr
img_jdkip.png,kitchens,4,10,2,memory,old,1,2,2.49303913877688,736.789690971375,2,1.30797004699707,,0,1,0.5,pilot_21_10,2,hit
img_u9f9l.png,kitchens,4,7,2,memory,old,1,2,1.83737414436404,739.981383800507,1,1.09321522712708,,0,1,0.5,pilot_21_10,1,hit
img_30vz5.png,kitchens,4,10,2,memory,old,1,2,1.74997045814956,742.881407022476,3,1.4016101360321,,0,1,0.5,pilot_21_10,3,miss
img_18r80.png,kitchens,4,10,2,memory,old,1,2,1.00565499545848,745.348093986511,3,1.41215515136719,,2,1,0.5,pilot_21_10,3,miss
img_s9are.png,kitchens,4,10,2,memory,old,1,2,1.0027146332556,747.814779520035,3,1.48186945915222,,3,1,0.5,pilot_21_10,3,miss
img_exxip.png,kitchens,4,7,2,memory,old,1,2,1.21468156672234,750.556468725204,3,1.33939743041992,,0,1,0.5,pilot_21_10,3,miss
img_91lbx.png,kitchens,4,3,2,memory,new,2,2,1.13026188743442,753.073155403137,2,1.39554858207703,,0,1,0.5,pilot_21_10,2,fa
img_y5xn1.png,kitchens,4,9,2,memory,new,2,2,1.79163230637125,756.30651473999,3,1.02381134033203,,0,1,0.5,pilot_21_10,3,cr
img_ejjkj.png,kitchens,4,9,2,memory,new,2,2,1.45334903198597,758.831533432007,3,2.04263162612915,,0,1,0.5,pilot_21_10,3,cr
img_0mhms.png,kitchens,4,7,2,memory,old,1,2,1.20589099304643,762.131559848785,3,1.48710012435913,,0,1,0.5,pilot_21_10,3,miss
img_lszzj.png,kitchens,4,4,2,memory,old,1,2,1.16214235103707,764.831580638885,3,1.12343835830688,,0,1,0.5,pilot_21_10,3,miss
img_6j727.png,kitchens,4,9,2,memory,old,1,2,2.51774669746335,768.523275375366,3,0.937476634979248,,1,1,0.5,pilot_21_10,3,miss
img_57os5.png,kitchens,4,9,2,memory,new,2,2,1.20207238333237,770.714958667755,2,0.908097505569458,,0,1,0.5,pilot_21_10,2,fa
img_0dege.png,kitchens,4,9,2,memory,old,1,2,1.77394050635825,773.43998003006,2,0.824476957321167,,2,1,0.5,pilot_21_10,2,hit
img_5949k.png,kitchens,4,3,2,memory,new,2,2,1.95672162007224,776.281667947769,2,1.14434909820557,,0,1,0.5,pilot_21_10,2,fa
img_c3r29.png,kitchens,4,9,2,memory,old,1,2,2.35411792095949,779.831693887711,3,1.33039712905884,,3,1,0.5,pilot_21_10,3,miss
img_diq9d.png,kitchens,4,9,2,memory,new,2,2,1.30431498853702,782.515046596527,2,1.73294043540955,,0,1,0.5,pilot_21_10,2,fa
img_0j24m.png,kitchens,4,3,2,memory,old,1,2,2.01551326910127,786.306740760803,3,1.53533530235291,,0,1,0.5,pilot_21_10,3,miss
img_dbf9a.png,kitchens,4,10,2,memory,new,2,2,1.4595371343259,789.356762647629,2,1.04999542236328,,0,1,0.5,pilot_21_10,2,fa
img_4g6yq.png,kitchens,4,10,2,memory,new,2,2,1.65360785774164,792.106782674789,2,1.54555940628052,,0,1,0.5,pilot_21_10,2,fa
img_tsf9y.png,kitchens,4,9,2,memory,new,2,2,1.99539729068573,795.698474407196,3,1.0137186050415,,0,1,0.5,pilot_21_10,3,cr
img_r2lxk.png,kitchens,4,10,2,memory,new,2,2,1.59737781432523,798.356827020645,3,3.6657030582428,,0,1,0.5,pilot_21_10,3,cr
img_wyl6z.png,kitchens,4,3,2,memory,new,2,2,1.64191570385169,803.715198040009,3,0.999534130096436,,0,1,0.5,pilot_21_10,3,cr
img_68wfw.png,kitchens,4,5,2,memory,old,1,2,2.91640626907536,807.681892871857,3,2.67168426513672,,4,1,0.5,pilot_21_10,3,miss
img_93vg8.png,kitchens,4,8,2,memory,new,2,2,1.96515244081544,812.365257024765,3,1.18240809440613,,0,1,0.5,pilot_21_10,3,cr
img_uegbb.png,kitchens,4,8,2,memory,old,1,2,1.83257916105599,815.415277719498,3,0.869205236434937,,1,1,0.5,pilot_21_10,3,miss
img_sxgfb.png,kitchens,4,6,2,memory,old,1,2,1.33268039370654,817.656958580017,3,1.19133448600769,,4,1,0.5,pilot_21_10,3,miss
img_bl2f1.png,kitchens,4,10,2,memory,new,2,2,2.81131558483269,821.706985473633,2,0.971835613250732,,0,1,0.5,pilot_21_10,2,fa
img_13ymo.png,kitchens,4,8,2,memory,new,2,2,1.46277562655547,824.19033575058,2,1.63529920578003,,0,1,0.5,pilot_21_10,2,fa
img_8fpog.png,kitchens,4,10,2,memory,new,2,2,1.23886653796196,827.115354537964,2,0.775709629058838,,0,1,0.5,pilot_21_10,2,fa
img_9d84u.png,kitchens,4,9,2,memory,new,2,2,1.12251021777513,829.057033777237,2,0.719319343566895,,0,1,0.5,pilot_21_10,2,fa
img_l9t30.png,kitchens,4,4,2,memory,new,2,2,1.29365974839507,831.123713731766,3,1.0312442779541,,0,1,0.5,pilot_21_10,3,cr
img_2rtxu.png,kitchens,4,9,2,memory,new,2,2,1.45822117882345,833.665396928787,3,1.82998323440552,,0,1,0.5,pilot_21_10,3,cr
img_jgqri.png,kitchens,4,10,2,memory,old,1,2,1.08888011003977,836.632082462311,2,1.4565315246582,,1,1,0.5,pilot_21_10,2,hit
img_jzjqz.png,kitchens,4,10,2,memory,new,2,2,1.69324781846181,839.832102775574,3,1.79591536521912,,0,1,0.5,pilot_21_10,3,cr
img_zi8qc.png,kitchens,4,7,2,memory,old,1,2,2.3890460824691,844.065462827682,3,2.39735913276672,,2,1,0.5,pilot_21_10,3,miss
img_552an.png,kitchens,4,8,2,memory,new,2,2,1.07754431631675,847.590484380722,2,1.52985668182373,,0,1,0.5,pilot_21_10,2,fa
img_sfq2m.png,kitchens,4,9,2,memory,old,1,2,1.25671357118206,850.432168483734,2,0.91492748260498,,4,1,0.5,pilot_21_10,2,hit
img_aplao.png,kitchens,4,3,2,memory,new,2,2,2.38601617020431,853.78218960762,3,1.16921854019165,,0,1,0.5,pilot_21_10,3,cr
img_667w7.png,kitchens,4,9,2,memory,new,2,2,2.07114723432139,857.073875427246,3,4.51955652236938,,0,1,0.5,pilot_21_10,3,cr
img_7ucnr.png,kitchens,4,5,2,memory,old,1,2,2.38105196606463,864.023917913437,3,1.28886222839355,,4,1,0.5,pilot_21_10,3,miss
img_as3da.png,kitchens,4,9,2,memory,new,2,2,2.55052993145177,867.915606737137,2,0.93726921081543,,0,1,0.5,pilot_21_10,2,fa
img_mucwi.png,kitchens,4,5,2,memory,old,1,2,1.48923103062554,870.39061999321,3,1.02368402481079,,3,1,0.5,pilot_21_10,3,miss
img_fq6gu.png,kitchens,4,9,2,memory,new,2,2,1.65955843630335,873.123967647552,3,1.18327736854553,,0,1,0.5,pilot_21_10,3,cr
img_05flq.png,kitchens,4,1,2,memory,old,1,2,1.61564460313004,875.973983049393,4,1.27431893348694,,0,1,0.5,pilot_21_10,4,miss
img_ps986.png,kitchens,4,10,2,memory,old,1,2,1.35268322323325,878.648996353149,2,1.32068181037903,,4,1,0.5,pilot_21_10,2,hit
img_79b5l.png,kitchens,4,6,2,memory,old,1,2,1.70309087341614,881.715678691864,4,1.41819643974304,,2,1,0.5,pilot_21_10,4,miss
img_1ibl4.png,kitchens,4,8,2,memory,new,2,2,1.18447566110423,884.382359981537,3,1.18582797050476,,0,1,0.5,pilot_21_10,3,cr
img_z10c7.png,kitchens,4,3,2,memory,old,1,2,2.14556647678193,887.765709638596,3,1.38211846351624,,0,1,0.5,pilot_21_10,3,miss
img_hfz8w.png,kitchens,4,2,2,memory,old,1,2,2.4066036696808,891.599063634872,3,2.20405340194702,,0,1,0.5,pilot_21_10,3,miss
img_3gm8h.png,kitchens,4,4,2,memory,old,1,2,2.06348964255454,895.924084663391,3,0.803500413894653,,2,1,0.5,pilot_21_10,3,miss
img_fi08p.png,kitchens,4,9,2,memory,new,2,2,1.07657987071922,897.865761995316,3,0.797518968582153,,0,1,0.5,pilot_21_10,3,cr
img_es7o2.png,kitchens,4,2,2,memory,old,1,2,1.60512745153732,900.31577372551,3,1.34309339523315,,0,1,0.5,pilot_21_10,3,miss
img_7mqbh.png,kitchens,4,9,2,memory,new,2,2,1.37086812642327,903.090787887573,3,1.74490928649902,,0,1,0.5,pilot_21_10,3,cr
img_yqoce.png,kitchens,4,9,2,memory,new,2,2,2.70640792229585,907.590809583664,2,1.68400144577026,,0,1,0.5,pilot_21_10,2,fa
img_i3eml.png,kitchens,4,8,2,memory,old,1,2,1.35248264454541,910.690824747086,3,4.37580227851868,,3,1,0.5,pilot_21_10,3,miss
img_mr7a9.png,kitchens,4,8,2,memory,new,2,2,1.02683571643861,916.157518148422,2,0.991341829299927,,0,1,0.5,pilot_21_10,2,fa
img_9b6yl.png,kitchens,4,10,2,memory,new,2,2,1.43752485458951,918.632529973984,3,0.774805068969727,,0,1,0.5,pilot_21_10,3,cr
img_39hz5.png,kitchens,4,10,2,memory,new,2,2,1.72848081111854,921.182541131973,2,0.964820861816406,,0,1,0.5,pilot_21_10,2,fa
img_vbrb7.png,kitchens,4,10,2,memory,new,2,2,2.95463991148047,925.149227619171,3,0.98317551612854,,0,1,0.5,pilot_21_10,3,cr
img_h1yyu.png,kitchens,4,4,2,memory,new,2,2,1.22058111594193,927.399239301682,3,1.01859569549561,,0,1,0.5,pilot_21_10,3,cr
img_p659z.png,kitchens,4,9,2,memory,old,1,2,2.20557619133129,930.66592001915,1,1.6660361289978,,0,1,0.5,pilot_21_10,1,hit
img_8zf2f.png,kitchens,4,8,2,memory,old,1,2,1.32149410336576,933.699267864227,1,1.1522490978241,,0,1,0.5,pilot_21_10,1,hit
img_048l0.png,kitchens,4,7,2,memory,old,1,2,1.75367363098065,936.657614707947,3,1.02675127983093,,4,1,0.5,pilot_21_10,3,miss
img_1r2ri.png,kitchens,4,3,2,memory,new,2,2,2.26599651237098,940.015962839127,3,0.722528219223022,,0,1,0.5,pilot_21_10,3,cr
img_a2mx2.png,kitchens,4,8,2,memory,old,1,2,1.1303548164456,941.915971517563,2,1.7927565574646,,0,1,0.5,pilot_21_10,2,hit
img_d0k76.png,kitchens,4,4,2,memory,new,2,2,1.48639134509535,945.257653713226,3,1.13918924331665,,0,1,0.5,pilot_21_10,3,cr
img_8vcm6.png,kitchens,4,10,2,memory,old,1,2,1.37345929502275,947.81599855423,3,0.891321420669556,,1,1,0.5,pilot_21_10,3,miss
img_a8wvq.png,kitchens,4,10,2,memory,new,2,2,1.69418652117851,950.457679033279,3,1.82633996009827,,0,1,0.5,pilot_21_10,3,cr
img_i2k07.png,kitchens,4,3,2,memory,new,2,2,1.55295480580571,953.891028165817,3,0.8484787940979,,0,1,0.5,pilot_21_10,3,cr
img_q1ynd.png,kitchens,4,5,2,memory,old,1,2,1.23401588112067,956.024371623993,3,1.02969932556152,,0,1,0.5,pilot_21_10,3,miss
img_7ed9m.png,kitchens,4,8,2,memory,old,1,2,1.26218418171374,958.366048812866,3,1.39797115325928,,0,1,0.5,pilot_21_10,3,miss
pexels-christa-grover-977018-1909791_resized.jpg,nontarget,2,0,2,oddball,old,1,4,2.02664674355646,1032.18302702904,0,2.5266489982605,0,0,1,0.5,pilot_21_10,,
img_9z99v.png,bedrooms,3,8,2,oddball,old,1,4,1.20717604029896,1034.75803661346,0,1.70717644691467,0,0,1,0.5,pilot_21_10,,
pexels-heyho-6301176_resized.jpg,nontarget,2,0,2,oddball,old,1,4,1.31982531902317,1036.50804305077,0,1.81982707977295,0,0,1,0.5,pilot_21_10,,
img_kzg3h.png,bedrooms,3,7,2,oddball,old,1,4,1.24019876349567,1038.37471675873,0,1.74019837379456,0,4,1,0.5,pilot_21_10,,
img_ymgcb.png,bedrooms,3,8,2,oddball,old,1,4,1.54141274328157,1040.16638946533,0,2.0414125919342,0,1,1,0.5,pilot_21_10,,
khuc-le-thanh-danh-gFJRgtzPNVc-unsplash_resized.jpg,target,1,0,2,oddball,old,1,4,2.91558885022924,1042.24973106384,1,0.538708925247192,1,0,1,0.5,pilot_21_10,,
img_3h4c9.png,bedrooms,3,9,2,oddball,old,1,4,1.18235024580925,1044.50807189941,0,1.68235421180725,0,0,1,0.5,pilot_21_10,,
nathalia-rosa-rWMIbqmOxrY-unsplash_resized.jpg,target,1,0,2,oddball,old,1,4,1.39060987446306,1046.23307847977,1,0.611381530761719,1,0,1,0.5,pilot_21_10,,
img_g2akb.png,bedrooms,3,10,2,oddball,old,1,4,2.30656782513451,1049.6830906868,0,2.80657029151917,0,3,1,0.5,pilot_21_10,,
img_3kho5.png,bedrooms,3,2,2,oddball,old,1,4,1.51038747077989,1052.53310084343,0,2.01039123535156,0,1,1,0.5,pilot_21_10,,
nrd-M7jpkJvXGOI-unsplash_resized.jpg,target,1,0,2,oddball,old,1,4,1.73559844538706,1054.58310770988,1,0.573461294174194,1,0,1,0.5,pilot_21_10,,
img_ze7ns.png,bedrooms,3,2,2,oddball,old,1,4,1.6001158242031,1057.29145097733,0,2.10011911392212,0,0,1,0.5,pilot_21_10,,
pexels-heyho-6207818_resized.jpg,nontarget,2,0,2,oddball,old,1,4,1.2086026045672,1059.43312478065,0,1.70860528945923,0,0,1,0.5,pilot_21_10,,
img_72fmj.png,bedrooms,3,3,2,oddball,old,1,4,1.72399965793182,1061.19146370888,0,2.22400045394897,0,0,1,0.5,pilot_21_10,,
kenny-n_ihZFYFCGU-unsplash_resized.jpg,target,1,0,2,oddball,old,1,4,1.46017187558176,1063.45813846588,1,0.546669483184814,1,0,1,0.5,pilot_21_10,,
img_d3t0o.png,bedrooms,3,4,2,oddball,old,1,4,2.39451012491801,1066.9331510067,0,2.89451217651367,0,0,1,0.5,pilot_21_10,,
pexels-curtis-adams-1694007-3935352_resized.jpg,nontarget,2,0,2,oddball,old,1,4,1.23288462911824,1069.86649394035,0,1.73288416862488,0,0,1,0.5,pilot_21_10,,
img_uxxo0.png,bedrooms,3,5,2,oddball,old,1,4,2.38903582061873,1071.64149951935,0,2.88903665542603,0,0,1,0.5,pilot_21_10,,
markus-winkler-wRfL8v76gp8-unsplash_resized.jpg,target,1,0,2,oddball,old,1,4,1.09245521281666,1074.574842453,1,0.534040689468384,1,0,1,0.5,pilot_21_10,,
img_clbu4.png,bedrooms,3,10,2,oddball,old,1,4,2.01781722117359,1077.65818667412,0,2.51781940460205,0,3,1,0.5,pilot_21_10,,
img_4utvc.png,bedrooms,3,8,2,oddball,old,1,4,1.28438990409547,1080.22486138344,0,1.78439378738403,0,0,1,0.5,pilot_21_10,,
img_anzgh.png,bedrooms,3,6,2,oddball,old,1,4,1.78884258151752,1082.0582010746,0,2.28884696960449,0,2,1,0.5,pilot_21_10,,
pexels-heyho-6487948_resized.jpg,nontarget,2,0,2,oddball,old,1,4,1.35149445225598,1084.39987468719,0,1.85149931907654,0,0,1,0.5,pilot_21_10,,
img_u1rxv.png,bedrooms,3,6,2,oddball,old,1,4,2.01277537315875,1086.29988098145,0,2.51278018951416,0,4,1,0.5,pilot_21_10,,
img_7os7q.png,bedrooms,3,3,2,oddball,old,1,4,1.81202247445637,1088.86655592918,0,2.31202411651611,0,2,1,0.5,pilot_21_10,,
pexels-heyho-6436770_resized.jpg,nontarget,2,0,2,oddball,old,1,4,1.69714465533999,1091.22489690781,0,2.1971480846405,0,0,1,0.5,pilot_21_10,,
img_ys3qz.png,bedrooms,3,2,2,oddball,old,1,4,1.48196322144493,1093.47490334511,0,1.98196768760681,0,0,1,0.5,pilot_21_10,,
marques-thomas-8vgsOVj0OfM-unsplash_resized.jpg,target,1,0,2,oddball,old,1,4,2.42122076188909,1095.49991059303,1,0.537340402603149,1,0,1,0.5,pilot_21_10,,
img_q9a89.png,bedrooms,3,9,2,oddball,old,1,4,1.25328901350225,1097.82491779327,0,1.75328826904297,0,3,1,0.5,pilot_21_10,,
img_5m6x4.png,bedrooms,3,7,2,oddball,old,1,4,1.51020868580974,1099.62492275238,0,2.01021027565002,0,0,1,0.5,pilot_21_10,,
img_f4jxo.png,bedrooms,3,8,2,oddball,old,1,4,1.63989244077081,1101.68326282501,0,2.13989424705505,0,1,1,0.5,pilot_21_10,,
kelvin-zyteng-NTdBYpClJJk-unsplash_resized.jpg,target,1,0,2,oddball,old,1,4,1.06715193083223,1103.86660265923,0,1.56715130805969,0,0,1,0.5,pilot_21_10,,
img_dhjnr.png,bedrooms,3,7,2,oddball,old,1,4,1.78509313592689,1105.48327469826,0,2.28509426116943,0,0,1,0.5,pilot_21_10,,
nrd-rqVgx85r6B4-unsplash_resized.jpg,target,1,0,2,oddball,old,1,4,1.79806926535917,1107.80828213692,1,0.485118865966797,1,0,1,0.5,pilot_21_10,,
img_xilm6.png,bedrooms,3,9,2,oddball,old,1,4,1.34845492958921,1110.19162297249,0,1.84845805168152,0,0,1,0.5,pilot_21_10,,
pexels-christa-grover-977018-1910472_resized.jpg,nontarget,2,0,2,oddball,old,1,4,1.27033978950331,1112.09162902832,0,1.77033996582031,0,0,1,0.5,pilot_21_10,,
img_w5vvu.png,bedrooms,3,9,2,oddball,old,1,4,1.77861111277474,1113.90830087662,0,2.27861309051514,0,4,1,0.5,pilot_21_10,,
img_aellb.png,bedrooms,3,7,2,oddball,old,1,4,2.67042501764638,1116.23330807686,0,3.17042803764343,0,0,1,0.5,pilot_21_10,,
img_qdry3.png,bedrooms,3,10,2,oddball,old,1,4,1.51069013280977,1119.44998407364,0,2.01069402694702,0,2,1,0.5,pilot_21_10,,
pexels-curtis-adams-1694007-3288104_resized.jpg,nontarget,2,0,2,oddball,old,1,4,1.00498489566302,1121.49998950958,0,1.50498867034912,0,0,1,0.5,pilot_21_10,,
img_fnu4h.png,bedrooms,3,9,2,oddball,old,1,4,1.53110800949122,1123.04999494553,0,2.03110814094543,0,0,1,0.5,pilot_21_10,,
pexels-heyho-6316060_resized.jpg,nontarget,2,0,2,oddball,old,1,4,1.58656102476906,1125.12499976158,0,2.08656120300293,0,0,1,0.5,pilot_21_10,,
img_u2o6z.png,bedrooms,3,3,2,oddball,old,1,4,1.57951303441962,1127.25834012032,0,2.07951498031616,0,4,1,0.5,pilot_21_10,,
img_os89g.png,bedrooms,3,9,2,oddball,old,1,4,2.29750542376777,1129.38334584236,0,2.79750919342041,0,2,1,0.5,pilot_21_10,,
pexels-fotoaibe-1571462_resized.jpg,nontarget,2,0,2,oddball,old,1,4,1.3651872861042,1132.22502088547,0,1.86518907546997,0,0,1,0.5,pilot_21_10,,
img_zv0dq.png,bedrooms,3,6,2,oddball,old,1,4,1.16854514505831,1134.15002560616,0,1.66854643821716,0,0,1,0.5,pilot_21_10,,
kenny-eliason-SvhXD3kPSTY-unsplash_resized.jpg,target,1,0,2,oddball,old,1,4,1.23197193657245,1135.85836362839,1,0.57147741317749,1,0,1,0.5,pilot_21_10,,
img_yju0d.png,bedrooms,3,9,2,oddball,old,1,4,1.03487651775631,1138.00003671646,0,1.53487730026245,0,0,1,0.5,pilot_21_10,,
pexels-heyho-6487944_resized.jpg,nontarget,2,0,2,oddball,old,1,4,1.66403447338949,1139.58337450027,0,2.16403460502625,0,0,1,0.5,pilot_21_10,,
img_2dnfy.png,bedrooms,3,3,2,oddball,old,1,4,1.07278236147133,1141.80004787445,0,1.57278108596802,0,0,1,0.5,pilot_21_10,,
morgan-vander-hart-QICueXvfH3U-unsplash_resized.jpg,target,1,0,2,oddball,old,1,4,1.0857197000647,1143.41671872139,1,0.86921238899231,1,0,1,0.5,pilot_21_10,,
img_lzix2.png,bedrooms,3,9,2,oddball,old,1,4,1.4228234316435,1146.24172544479,0,1.92282271385193,0,3,1,0.5,pilot_21_10,,
img_6dves.png,bedrooms,3,7,2,oddball,old,1,4,1.08986411550124,1148.20839762688,0,1.5898654460907,0,0,1,0.5,pilot_21_10,,
img_ejfm6.png,bedrooms,3,8,2,oddball,old,1,4,1.82308080664558,1149.8500688076,0,2.32308220863342,0,1,1,0.5,pilot_21_10,,
osarugue-igbinoba-1t-mONY1Vbk-unsplash_resized.jpg,target,1,0,2,oddball,old,1,4,1.63322876001112,1152.21674180031,1,0.68527626991272,1,0,1,0.5,pilot_21_10,,
img_ic3os.png,bedrooms,3,9,2,oddball,old,1,4,1.86849356791983,1155.308416605,0,2.36849355697632,0,0,1,0.5,pilot_21_10,,
pexels-fotoaibe-3741317_resized.jpg,nontarget,2,0,2,oddball,old,1,4,1.14434502324017,1157.71675562859,0,1.6443464756012,0,0,1,0.5,pilot_21_10,,
img_psgf7.png,bedrooms,3,1,2,oddball,old,1,4,1.10652318918363,1159.40842723846,0,1.60652685165405,0,0,1,0.5,pilot_21_10,,
pexels-curtis-adams-1694007-14495969_resized.jpg,nontarget,2,0,2,oddball,old,1,4,1.32928066037301,1161.05843091011,0,1.82928323745728,0,0,1,0.5,pilot_21_10,,
img_b2jli.png,bedrooms,3,8,2,oddball,old,1,4,1.46173540613622,1162.94176912308,0,1.96173691749573,0,0,1,0.5,pilot_21_10,,
pexels-heyho-6636300_resized.jpg,nontarget,2,0,2,oddball,old,1,4,1.03158472432545,1164.95010685921,0,1.53158831596375,0,0,1,0.5,pilot_21_10,,
img_b89t4.png,bedrooms,3,5,2,oddball,old,1,4,2.48490746732617,1166.53344488144,0,2.9849112033844,0,4,1,0.5,pilot_21_10,,
img_npkd5.png,bedrooms,3,9,2,oddball,old,1,4,2.0687612056989,1169.56678557396,0,2.56876158714294,0,2,1,0.5,pilot_21_10,,
pexels-andreaedavis-13757468_resized.jpg,nontarget,2,0,2,oddball,old,1,4,2.91042677274647,1172.17512464523,0,3.41043043136597,0,0,1,0.5,pilot_21_10,,
img_i7vab.png,bedrooms,3,9,2,oddball,old,1,4,1.37083036645393,1175.62513399124,0,1.87083101272583,0,0,1,0.5,pilot_21_10,,
muhammad-asysyahiid-FmPMjKw14ms-unsplash_resized.jpg,target,1,0,2,oddball,old,1,4,1.72920290641363,1177.5418047905,1,0.62457537651062,1,0,1,0.5,pilot_21_10,,
img_opxap.png,bedrooms,3,6,2,oddball,old,1,4,1.66276187932537,1180.35847878456,0,2.16276621818542,0,0,1,0.5,pilot_21_10,,
minh-pc-PWwdsotPUok-unsplash_resized.jpg,target,1,0,2,oddball,old,1,4,1.6066587607657,1182.56681656837,1,0.487658500671387,1,0,1,0.5,pilot_21_10,,
img_gbypq.png,bedrooms,3,6,2,oddball,old,1,4,2.32858116918587,1185.93349051476,0,2.82858061790466,0,0,1,0.5,pilot_21_10,,
pexels-arina-krasnikova-6653896_resized.jpg,nontarget,2,0,2,oddball,old,1,4,2.72772841007384,1188.80849742889,0,3.22772765159607,0,0,1,0.5,pilot_21_10,,
img_qh2z2.png,bedrooms,3,7,2,oddball,old,1,4,2.19690077997312,1192.08350515366,0,2.69689989089966,0,0,1,0.5,pilot_21_10,,
luna-wang-vhiyUm4aGi4-unsplash_resized.jpg,target,1,0,2,oddball,old,1,4,1.32982830523425,1194.82517814636,1,0.589382886886597,1,0,1,0.5,pilot_21_10,,
img_d5947.png,bedrooms,3,10,2,oddball,old,1,4,1.93322116154071,1197.87518453598,0,2.43322348594666,0,3,1,0.5,pilot_21_10,,
img_iqmdm.png,bedrooms,3,7,2,oddball,old,1,4,1.78682397012697,1200.35852360725,0,2.28682351112366,0,1,1,0.5,pilot_21_10,,
nay-myat-min-run1noRcXf0-unsplash_resized.jpg,target,1,0,2,oddball,old,1,4,1.32597483158817,1202.6918618679,1,0.642861127853394,1,0,1,0.5,pilot_21_10,,
img_sgt5b.png,bedrooms,3,10,2,oddball,old,1,4,1.66248291174086,1205.53353476524,0,2.16248631477356,0,0,1,0.5,pilot_21_10,,
kleomenis-spyroglou-SFo3vOgDpTo-unsplash_resized.jpg,target,1,0,2,oddball,old,1,4,1.70265051269368,1207.74187302589,1,0.617012023925781,1,0,1,0.5,pilot_21_10,,
img_088sa.png,bedrooms,3,4,2,oddball,old,1,4,1.53788952222613,1210.43354463577,0,2.03789234161377,0,3,1,0.5,pilot_21_10,,
img_x50f8.png,bedrooms,3,10,2,oddball,old,1,4,1.12918958671283,1212.51688241959,0,1.62918853759766,0,0,1,0.5,pilot_21_10,,
img_awuev.png,bedrooms,3,2,2,oddball,old,1,4,2.5310374848017,1214.19188594818,0,3.03104019165039,0,1,1,0.5,pilot_21_10,,
miquel-parera-ow6DGFDTF7c-unsplash_resized.jpg,target,1,0,2,oddball,old,1,4,1.13941222316503,1217.27522587776,1,0.627744197845459,1,0,1,0.5,pilot_21_10,,
img_wijef.png,bedrooms,3,5,2,oddball,old,1,4,2.66065739287773,1221.10023188591,0,3.16065812110901,0,3,1,0.5,pilot_21_10,,
img_fnopw.png,bedrooms,3,8,2,oddball,old,1,4,1.8258797894298,1224.30857014656,0,2.32588195800781,0,0,1,0.5,pilot_21_10,,
img_v8dra.png,bedrooms,3,3,2,oddball,old,1,4,2.02045817771123,1226.68357372284,0,2.52045941352844,0,2,1,0.5,pilot_21_10,,
pexels-hakimsatoso-3634742_resized.jpg,nontarget,2,0,2,oddball,old,1,4,2.90473812940557,1229.25024366379,0,3.40473747253418,0,0,1,0.5,pilot_21_10,,
img_badai.png,bedrooms,3,4,2,memory,new,2,4,1.63741277164115,1234.33358359337,3,5.03308653831482,,0,1,0.5,pilot_21_10,3,cr
img_ymgcb.png,bedrooms,3,8,2,memory,old,1,4,2.40952328116049,1241.82526135445,2,1.55268263816833,,1,1,0.5,pilot_21_10,2,hit
img_q7p8m.png,bedrooms,3,8,2,memory,new,2,4,2.04660186315015,1245.48360013962,2,2.06342196464539,,0,1,0.5,pilot_21_10,2,fa
img_72fmj.png,bedrooms,3,3,2,memory,old,1,4,1.43781277978719,1249.03360462189,1,1.39347648620605,,0,1,0.5,pilot_21_10,1,hit
img_v0i83.png,bedrooms,3,8,2,memory,new,2,4,1.0758585222108,1251.57527494431,4,1.23273611068726,,0,1,0.5,pilot_21_10,4,cr
img_5m6x4.png,bedrooms,3,7,2,memory,old,1,4,1.26418335421043,1254.11694478989,2,1.37831020355225,,0,1,0.5,pilot_21_10,2,hit
img_ze7ns.png,bedrooms,3,2,2,memory,old,1,4,1.04632305820007,1256.60861492157,3,1.05322217941284,,0,1,0.5,pilot_21_10,3,miss
img_ds88w.png,bedrooms,3,3,2,memory,new,2,4,1.70540087105427,1259.42528486252,3,0.984419107437134,,0,1,0.5,pilot_21_10,3,cr
img_q9a89.png,bedrooms,3,9,2,memory,old,1,4,1.02117178950031,1261.49195361137,3,1.73231148719788,,3,1,0.5,pilot_21_10,3,miss
img_zi682.png,bedrooms,3,9,2,memory,new,2,4,1.19535376550794,1264.45862340927,2,1.91850066184998,,0,1,0.5,pilot_21_10,2,fa
img_psgf7.png,bedrooms,3,1,2,memory,old,1,4,1.43041069345005,1267.86696219444,1,0.942319869995117,,0,1,0.5,pilot_21_10,1,hit
img_eabk8.png,bedrooms,3,8,2,memory,new,2,4,1.50844733213279,1270.3836312294,4,1.14478588104248,,0,1,0.5,pilot_21_10,4,cr
img_78fxr.png,bedrooms,3,9,2,memory,new,2,4,2.31272971973277,1273.90030169487,3,1.14387440681458,,0,1,0.5,pilot_21_10,3,cr
img_b2jli.png,bedrooms,3,8,2,memory,old,1,4,2.09975749244642,1277.2003068924,3,1.13855528831482,,0,1,0.5,pilot_21_10,3,miss
img_aellb.png,bedrooms,3,7,2,memory,old,1,4,2.32574724737153,1280.72531080246,1,2.20303225517273,,0,1,0.5,pilot_21_10,1,hit
img_v8dra.png,bedrooms,3,3,2,memory,old,1,4,1.24766821652006,1284.2336473465,3,1.66959571838379,,2,1,0.5,pilot_21_10,3,miss
img_uxxo0.png,bedrooms,3,5,2,memory,old,1,4,1.15803025617001,1287.1003177166,4,1.30967736244202,,0,1,0.5,pilot_21_10,4,miss
img_088sa.png,bedrooms,3,4,2,memory,old,1,4,2.79360387384878,1291.26698851585,1,1.18023252487183,,3,1,0.5,pilot_21_10,1,hit
img_sgt5b.png,bedrooms,3,10,2,memory,old,1,4,1.74642118231306,1294.25032544136,2,2.38296556472778,,0,1,0.5,pilot_21_10,2,hit
img_ik9n7.png,bedrooms,3,9,2,memory,new,2,4,2.76108947766599,1299.43366456032,3,3.29101157188416,,0,1,0.5,pilot_21_10,3,cr
img_ce55l.png,bedrooms,3,8,2,memory,new,2,4,1.87611474349852,1304.65033769608,3,2.07067131996155,,0,1,0.5,pilot_21_10,3,cr
img_3bxjb.png,bedrooms,3,10,2,memory,new,2,4,1.90984996755769,1308.68367695808,3,2.08518218994141,,0,1,0.5,pilot_21_10,3,cr
img_3h4c9.png,bedrooms,3,9,2,memory,old,1,4,2.28608179949766,1313.11701536179,3,1.61745762825012,,0,1,0.5,pilot_21_10,3,miss
img_h0px5.png,bedrooms,3,9,2,memory,new,2,4,1.71938632924942,1316.51702046394,2,2.95037961006165,,0,1,0.5,pilot_21_10,2,fa
img_b89t4.png,bedrooms,3,5,2,memory,old,1,4,1.50139975077301,1321.03369259834,4,1.18676352500916,,4,1,0.5,pilot_21_10,4,miss
img_w5vvu.png,bedrooms,3,9,2,memory,old,1,4,2.12398214142843,1324.40869688988,3,2.81158208847046,,4,1,0.5,pilot_21_10,3,miss
img_x50f8.png,bedrooms,3,10,2,memory,old,1,4,1.58625921258176,1328.86703562737,2,2.00785851478577,,0,1,0.5,pilot_21_10,2,hit
img_gbypq.png,bedrooms,3,6,2,memory,old,1,4,1.3237570321361,1332.24203968048,3,1.60718941688538,,0,1,0.5,pilot_21_10,3,miss
img_u2o6z.png,bedrooms,3,3,2,memory,old,1,4,1.05143419117769,1334.95870947838,2,1.5034065246582,,4,1,0.5,pilot_21_10,2,hit
img_97f62.png,bedrooms,3,9,2,memory,new,2,4,1.51386396752598,1338.0337138176,3,2.43270635604858,,0,1,0.5,pilot_21_10,3,cr
img_5ewoj.png,bedrooms,3,10,2,memory,new,2,4,2.13590510067925,1342.65038657188,2,2.35061359405518,,0,1,0.5,pilot_21_10,2,fa
img_ic3os.png,bedrooms,3,9,2,memory,old,1,4,2.35415731125155,1347.40872573853,1,1.16013932228088,,0,1,0.5,pilot_21_10,1,hit
img_ri0yx.png,bedrooms,3,10,2,memory,new,2,4,1.52732520240369,1350.15872883797,2,1.57207131385803,,0,1,0.5,pilot_21_10,2,fa
img_91csq.png,bedrooms,3,2,2,memory,new,2,4,2.0323552094195,1353.80873274803,3,1.99624443054199,,0,1,0.5,pilot_21_10,3,cr
img_t0a2l.png,bedrooms,3,8,2,memory,new,2,4,1.10189033276973,1356.95040273666,3,1.46475839614868,,0,1,0.5,pilot_21_10,3,cr
img_6dves.png,bedrooms,3,7,2,memory,old,1,4,2.56864437858994,1361.03374099731,1,1.43168711662292,,0,1,0.5,pilot_21_10,1,hit
img_awuev.png,bedrooms,3,2,2,memory,old,1,4,1.99255878725815,1364.51707673073,1,1.35819935798645,,1,1,0.5,pilot_21_10,1,hit
img_okvvw.png,bedrooms,3,2,2,memory,new,2,4,1.1052580936443,1367.03374648094,4,1.05759263038635,,0,1,0.5,pilot_21_10,4,cr
img_ybbmx.png,bedrooms,3,3,2,memory,new,2,4,1.97923336327679,1370.11708307266,4,1.4763560295105,,0,1,0.5,pilot_21_10,4,cr
img_2dnfy.png,bedrooms,3,3,2,memory,old,1,4,2.86547727470737,1374.51708698273,3,1.38342905044556,,0,1,0.5,pilot_21_10,3,miss
img_3kho5.png,bedrooms,3,2,2,memory,old,1,4,1.67468754154424,1377.61708974838,3,1.28059029579163,,1,1,0.5,pilot_21_10,3,miss
img_clbu4.png,bedrooms,3,10,2,memory,old,1,4,1.043565015268,1380.00042486191,2,1.40951108932495,,3,1,0.5,pilot_21_10,2,hit
img_opxap.png,bedrooms,3,6,2,memory,old,1,4,1.3576486928699,1382.82542777061,2,1.81830620765686,,0,1,0.5,pilot_21_10,2,hit
img_qgbyn.png,bedrooms,3,4,2,memory,new,2,4,2.10705425929209,1386.8170979023,3,1.29458522796631,,0,1,0.5,pilot_21_10,3,cr
img_h2i7r.png,bedrooms,3,9,2,memory,new,2,4,1.79787852316558,1389.96710085869,2,1.40077829360962,,0,1,0.5,pilot_21_10,2,fa
img_kzg3h.png,bedrooms,3,7,2,memory,old,1,4,1.08311879124644,1392.50876879692,3,2.81495523452759,,4,1,0.5,pilot_21_10,3,miss
img_h0hbk.png,bedrooms,3,9,2,memory,new,2,4,2.23682654866146,1397.60877299309,2,1.25649619102478,,0,1,0.5,pilot_21_10,2,fa
img_q8u19.png,bedrooms,3,10,2,memory,new,2,4,1.92369789356942,1400.83377599716,2,1.00882816314697,,0,1,0.5,pilot_21_10,2,fa
img_7os7q.png,bedrooms,3,3,2,memory,old,1,4,1.37922342760279,1403.28377747536,3,1.89403867721558,,2,1,0.5,pilot_21_10,3,miss
img_th7xh.png,bedrooms,3,8,2,memory,new,2,4,1.83122715259216,1407.06711363792,3,1.55986738204956,,0,1,0.5,pilot_21_10,3,cr
img_3a2r2.png,bedrooms,3,10,2,memory,new,2,4,1.41153632032546,1410.09211587906,2,1.40520715713501,,0,1,0.5,pilot_21_10,2,fa
img_cogrz.png,bedrooms,3,3,2,memory,new,2,4,2.07015534136544,1413.61711764336,3,1.17115545272827,,0,1,0.5,pilot_21_10,3,cr
img_anzgh.png,bedrooms,3,6,2,memory,old,1,4,2.43597936342479,1417.28378677368,3,1.39439821243286,,2,1,0.5,pilot_21_10,3,miss
img_gqy6z.png,bedrooms,3,9,2,memory,new,2,4,2.40867565516856,1421.15045666695,3,1.05195832252502,,0,1,0.5,pilot_21_10,3,cr
img_xilm6.png,bedrooms,3,9,2,memory,old,1,4,1.07937573445181,1423.33379173279,2,4.17821526527405,,0,1,0.5,pilot_21_10,2,hit
img_d7iri.png,bedrooms,3,9,2,memory,new,2,4,1.24399087582198,1428.81712770462,4,1.01050925254822,,0,1,0.5,pilot_21_10,4,cr
img_fl5cd.png,bedrooms,3,10,2,memory,new,2,4,1.57135781575819,1431.45879721642,3,1.27279686927795,,0,1,0.5,pilot_21_10,3,cr
img_dmjh8.png,bedrooms,3,3,2,memory,new,2,4,1.5890854285132,1434.37546467781,3,0.906237363815308,,0,1,0.5,pilot_21_10,3,cr
img_t2ioc.png,bedrooms,3,10,2,memory,new,2,4,1.28308867937283,1436.60880017281,3,1.32814383506775,,0,1,0.5,pilot_21_10,3,cr
img_npkd5.png,bedrooms,3,9,2,memory,old,1,4,1.71520042877538,1439.70880174637,3,2.90439939498901,,2,1,0.5,pilot_21_10,3,miss
img_t4hvr.png,bedrooms,3,3,2,memory,new,2,4,1.39053299522265,1444.05880403519,2,1.17807102203369,,0,1,0.5,pilot_21_10,2,fa
img_a2pkp.png,bedrooms,3,10,2,memory,new,2,4,1.34580186843758,1446.63380599022,3,1.5846631526947,,0,1,0.5,pilot_21_10,3,cr
img_9z99v.png,bedrooms,3,8,2,memory,old,1,4,2.74684943070397,1451.01714062691,3,1.86546349525452,,0,1,0.5,pilot_21_10,3,miss
img_ogcv5.png,bedrooms,3,10,2,memory,new,2,4,1.05405149590117,1453.98380970955,3,0.948950290679932,,0,1,0.5,pilot_21_10,3,cr
img_5p2ql.png,bedrooms,3,10,2,memory,new,2,4,1.29529173285026,1456.27547693253,2,1.28858804702759,,0,1,0.5,pilot_21_10,2,fa
img_qh2z2.png,bedrooms,3,7,2,memory,old,1,4,1.02434350343477,1458.63381195068,1,1.27817702293396,,0,1,0.5,pilot_21_10,1,hit
img_d3t0o.png,bedrooms,3,4,2,memory,old,1,4,2.4280098281703,1462.40047979355,4,1.17990922927856,,0,1,0.5,pilot_21_10,4,miss
img_0548r.png,bedrooms,3,8,2,memory,new,2,4,1.48695539578619,1465.1171476841,3,1.99553728103638,,0,1,0.5,pilot_21_10,3,cr
img_fnu4h.png,bedrooms,3,9,2,memory,old,1,4,2.57210087576683,1469.73381590843,2,2.5717442035675,,0,1,0.5,pilot_21_10,2,hit
img_lzix2.png,bedrooms,3,9,2,memory,old,1,4,1.17369347703534,1473.54215073586,1,1.46388125419617,,3,1,0.5,pilot_21_10,1,hit
img_os89g.png,bedrooms,3,9,2,memory,old,1,4,2.47495409892808,1477.52548599243,1,1.86423897743225,,2,1,0.5,pilot_21_10,1,hit
img_g2akb.png,bedrooms,3,10,2,memory,old,1,4,1.14764757720161,1480.59215426445,2,1.15483283996582,,3,1,0.5,pilot_21_10,2,hit
img_bpyv5.png,bedrooms,3,3,2,memory,new,2,4,1.51060482991537,1483.31715393066,3,1.51040720939636,,0,1,0.5,pilot_21_10,3,cr
img_qdry3.png,bedrooms,3,10,2,memory,old,1,4,2.79222136179978,1487.68382167816,2,1.93718528747559,,2,1,0.5,pilot_21_10,2,hit
img_iqmdm.png,bedrooms,3,7,2,memory,old,1,4,1.04041325577587,1490.72549009323,3,2.58427786827087,,1,1,0.5,pilot_21_10,3,miss
img_aweye.png,bedrooms,3,2,2,memory,new,2,4,1.29688212504131,1494.66715764999,4,1.62618350982666,,0,1,0.5,pilot_21_10,4,cr
img_m4w0y.png,bedrooms,3,10,2,memory,new,2,4,2.76840422133667,1499.12549138069,3,0.9631507396698,,0,1,0.5,pilot_21_10,3,cr
img_wijef.png,bedrooms,3,5,2,memory,old,1,4,1.2112470407673,1501.35049295425,2,2.78494715690613,,3,1,0.5,pilot_21_10,2,hit
img_58ujj.png,bedrooms,3,8,2,memory,new,2,4,2.42229872669595,1506.61715936661,3,2.0207736492157,,0,1,0.5,pilot_21_10,3,cr
img_f4jxo.png,bedrooms,3,8,2,memory,old,1,4,1.03385579556772,1509.73382639885,3,1.1334867477417,,1,1,0.5,pilot_21_10,3,miss
img_47k1j.png,bedrooms,3,4,2,memory,new,2,4,2.86315236507419,1513.7754945755,3,0.991742372512817,,0,1,0.5,pilot_21_10,3,cr
img_gsfx4.png,bedrooms,3,3,2,memory,new,2,4,1.06799460813753,1515.88382792473,3,1.44093608856201,,0,1,0.5,pilot_21_10,3,cr
img_nn7hq.png,bedrooms,3,8,2,memory,new,2,4,1.56876199318852,1518.9338285923,3,0.813543558120728,,0,1,0.5,pilot_21_10,3,cr
img_i7vab.png,bedrooms,3,9,2,memory,old,1,4,1.17705153324398,1520.97549581528,2,1.13723230361938,,0,1,0.5,pilot_21_10,2,hit
img_s044n.png,bedrooms,3,9,2,memory,new,2,4,1.74799084955541,1523.91716241837,3,1.1545045375824,,0,1,0.5,pilot_21_10,3,cr
img_ejfm6.png,bedrooms,3,8,2,memory,old,1,4,2.20425868355579,1527.33394169807,3,1.49786639213562,,1,1,0.5,pilot_21_10,3,miss
img_5il0t.png,bedrooms,3,2,2,memory,new,2,4,2.03525988634432,1530.92584300041,3,1.16535711288452,,0,1,0.5,pilot_21_10,3,cr
img_190ub.png,bedrooms,3,8,2,memory,new,2,4,1.50562504291719,1533.64268684387,2,2.81174230575562,,0,1,0.5,pilot_21_10,2,fa
img_x0u5z.png,bedrooms,3,10,2,memory,new,2,4,1.47973796463902,1537.99296760559,3,1.59643149375916,,0,1,0.5,pilot_21_10,3,cr
img_0nckg.png,bedrooms,3,4,2,memory,new,2,4,1.90624502904414,1541.55152845383,4,1.063800573349,,0,1,0.5,pilot_21_10,4,cr
img_ys3qz.png,bedrooms,3,2,2,memory,old,1,4,1.7638297159831,1544.43504571915,1,1.422283411026,,0,1,0.5,pilot_21_10,1,hit
img_4utvc.png,bedrooms,3,8,2,memory,old,1,4,1.78923621604883,1547.70191979408,4,1.30231833457947,,0,1,0.5,pilot_21_10,4,miss
img_fnopw.png,bedrooms,3,8,2,memory,old,1,4,2.05151299972905,1551.11879944801,3,2.81754064559937,,0,1,0.5,pilot_21_10,3,miss
img_r3i5r.png,bedrooms,3,8,2,memory,new,2,4,1.43244983999825,1555.42740058899,3,1.11343050003052,,0,1,0.5,pilot_21_10,3,cr
img_91ht8.png,bedrooms,3,10,2,memory,new,2,4,1.9023812820841,1558.50259065628,4,1.23050451278687,,0,1,0.5,pilot_21_10,4,cr
img_u1rxv.png,bedrooms,3,6,2,memory,old,1,4,1.14887821662655,1560.92773938179,3,1.53281378746033,,4,1,0.5,pilot_21_10,3,miss
img_d5947.png,bedrooms,3,10,2,memory,old,1,4,1.33537892514286,1563.85291862488,1,1.54619145393372,,3,1,0.5,pilot_21_10,1,hit
img_ah5vo.png,bedrooms,3,9,2,memory,new,2,4,2.33056144357588,1567.78649163246,2,2.4066903591156,,0,1,0.5,pilot_21_10,2,fa
img_yju0d.png,bedrooms,3,9,2,memory,old,1,4,1.35485680682128,1571.60338950157,3,1.06094861030579,,0,1,0.5,pilot_21_10,3,miss
img_2pk6v.png,bedrooms,3,9,2,memory,new,2,4,1.19276336570338,1573.92019605637,3,1.22782301902771,,0,1,0.5,pilot_21_10,3,cr
img_zv0dq.png,bedrooms,3,6,2,memory,old,1,4,1.25905486013404,1576.47034883499,1,2.26883125305176,,0,1,0.5,pilot_21_10,1,hit
img_dhjnr.png,bedrooms,3,7,2,memory,old,1,4,1.79093868617861,1580.5872604847,4,1.12821269035339,,0,1,0.5,pilot_21_10,4,miss
